#
# There is insufficient memory for the Java Runtime Environment to continue.
# Native memory allocation (mmap) failed to map 282066944 bytes. Error detail: G1 virtual space
# Possible reasons:
#   The system is out of physical RAM or swap space
#   This process is running with CompressedOops enabled, and the Java Heap may be blocking the growth of the native heap
# Possible solutions:
#   Reduce memory load on the system
#   Increase physical memory or swap space
#   Check if swap backing store is full
#   Decrease Java heap size (-Xmx/-Xms)
#   Decrease number of Java threads
#   Decrease Java thread stack sizes (-Xss)
#   Set larger code cache with -XX:ReservedCodeCacheSize=
#   JVM is running with Unscaled Compressed Oops mode in which the Java heap is
#     placed in the first 4GB address space. The Java Heap base address is the
#     maximum limit for the native heap growth. Please use -XX:HeapBaseMinAddress
#     to set the Java Heap base and to place the Java Heap above 4GB virtual address.
# This output file may be truncated or incomplete.
#
#  Out of Memory Error (os_windows.cpp:3898), pid=8304, tid=10176
#
# JRE version: OpenJDK Runtime Environment (21.0.6) (build 21.0.6+-13391695-b895.109)
# Java VM: OpenJDK 64-Bit Server VM (21.0.6+-13391695-b895.109, mixed mode, tiered, compressed oops, compressed class ptrs, g1 gc, windows-amd64)
# No core dump will be written. Minidumps are not enabled by default on client versions of Windows
#

---------------  S U M M A R Y ------------

Command Line: --add-opens=java.base/java.lang=ALL-UNNAMED --add-opens=java.base/java.lang.invoke=ALL-UNNAMED --add-opens=java.base/java.util=ALL-UNNAMED --add-opens=java.prefs/java.util.prefs=ALL-UNNAMED --add-exports=jdk.compiler/com.sun.tools.javac.api=ALL-UNNAMED --add-exports=jdk.compiler/com.sun.tools.javac.util=ALL-UNNAMED --add-opens=java.base/java.util=ALL-UNNAMED --add-opens=java.prefs/java.util.prefs=ALL-UNNAMED --add-opens=java.base/java.nio.charset=ALL-UNNAMED --add-opens=java.base/java.net=ALL-UNNAMED --add-opens=java.base/java.util.concurrent.atomic=ALL-UNNAMED --add-opens=java.xml/javax.xml.namespace=ALL-UNNAMED -Xmx2048m -Dfile.encoding=UTF-8 -Duser.country=US -Duser.language=en -Duser.variant -javaagent:C:\Users\Anastasija\.gradle\wrapper\dists\gradle-8.13-bin\5xuhj0ry160q40clulazy9h7d\gradle-8.13\lib\agents\gradle-instrumentation-agent-8.13.jar org.gradle.launcher.daemon.bootstrap.GradleDaemon 8.13

Host: 11th Gen Intel(R) Core(TM) i3-1115G4 @ 3.00GHz, 4 cores, 7G,  Windows 11 , 64 bit Build 26100 (10.0.26100.6725)
Time: Mon Nov 10 22:44:32 2025 Central Europe Standard Time elapsed time: 69.934856 seconds (0d 0h 1m 9s)

---------------  T H R E A D  ---------------

Current thread (0x000001a7feade9a0):  VMThread "VM Thread"          [id=10176, stack(0x0000000fa3300000,0x0000000fa3400000) (1024K)]

Stack: [0x0000000fa3300000,0x0000000fa3400000]
Native frames: (J=compiled Java code, j=interpreted, Vv=VM code, C=native code)
V  [jvm.dll+0x6d0639]
V  [jvm.dll+0x85eb03]
V  [jvm.dll+0x86105e]
V  [jvm.dll+0x861743]
V  [jvm.dll+0x27e6e6]
V  [jvm.dll+0x6ccfd5]
V  [jvm.dll+0x6c0a8a]
V  [jvm.dll+0x35537b]
V  [jvm.dll+0x35cfd6]
V  [jvm.dll+0x3aef86]
V  [jvm.dll+0x3af258]
V  [jvm.dll+0x327a2c]
V  [jvm.dll+0x327ab7]
V  [jvm.dll+0x36d93c]
V  [jvm.dll+0x36c0ee]
V  [jvm.dll+0x327181]
V  [jvm.dll+0x36b7f0]
V  [jvm.dll+0x8674c8]
V  [jvm.dll+0x868844]
V  [jvm.dll+0x868d80]
V  [jvm.dll+0x869013]
V  [jvm.dll+0x806ed8]
V  [jvm.dll+0x6cef0d]
C  [ucrtbase.dll+0x37b0]
C  [KERNEL32.DLL+0x2e8d7]
C  [ntdll.dll+0x8c53c]

VM_Operation (0x0000000fa88fd9b0): G1CollectForAllocation, mode: safepoint, requested by thread 0x000001a79ab30170


---------------  P R O C E S S  ---------------

Threads class SMR info:
_java_thread_list=0x000001a7a0c17530, length=90, elements={
0x000001a7f8f8c100, 0x000001a7fefa5f70, 0x000001a7fefa69c0, 0x000001a7fefdac80,
0x000001a7fefd8880, 0x000001a7fefd92d0, 0x000001a7fefd9d20, 0x000001a7ff002f50,
0x000001a7ff003b10, 0x000001a7ff131b80, 0x000001a7ff2da9b0, 0x000001a796290d00,
0x000001a7954797d0, 0x000001a795479e60, 0x000001a79547a4f0, 0x000001a7963732d0,
0x000001a796372c40, 0x000001a796373960, 0x000001a796371890, 0x000001a796374d10,
0x000001a796371f20, 0x000001a796373ff0, 0x000001a7963725b0, 0x000001a796377470,
0x000001a796375a30, 0x000001a7963753a0, 0x000001a7963760c0, 0x000001a796376750,
0x000001a797fd7e50, 0x000001a797fd84e0, 0x000001a797fd56f0, 0x000001a797fd7130,
0x000001a797fdb2d0, 0x000001a797fd9f20, 0x000001a797fdbff0, 0x000001a797fda5b0,
0x000001a797fdb960, 0x000001a799f6fd80, 0x000001a799f70aa0, 0x000001a799f717c0,
0x000001a799f71e50, 0x000001a799f6f6f0, 0x000001a799f75ff0, 0x000001a799f73200,
0x000001a79a90e2f0, 0x000001a79a90f010, 0x000001a79a90c220, 0x000001a79a90f6a0,
0x000001a79a90cf40, 0x000001a79a9103c0, 0x000001a79a910a50, 0x000001a79a90d5d0,
0x000001a79a7913a0, 0x000001a79a7920c0, 0x000001a79a90dc60, 0x000001a797fd9890,
0x000001a7a04e4d90, 0x000001a7a04e6e60, 0x000001a7a04e88a0, 0x000001a7a04ea2e0,
0x000001a7a04ea970, 0x000001a7a04eb690, 0x000001a7a04eb000, 0x000001a7a04e8f30,
0x000001a7a04e5ab0, 0x000001a7a04e6140, 0x000001a7a04e67d0, 0x000001a7a04e74f0,
0x000001a7a04e4070, 0x000001a7a04e7b80, 0x000001a7a04e4700, 0x000001a7a04e9c50,
0x000001a7a04e8210, 0x000001a7a04e95c0, 0x000001a79acc0910, 0x000001a79acbe840,
0x000001a79acbe1b0, 0x000001a79acc0280, 0x000001a79acc0fa0, 0x000001a79acc1cc0,
0x000001a79ab30170, 0x000001a79acbb3c0, 0x000001a79a90fd30, 0x000001a79a911770,
0x000001a79a912b20, 0x000001a79a9131b0, 0x000001a79ab2fae0, 0x000001a79ab2e0a0,
0x000001a79ab30800, 0x000001a7967e3b70
}

Java Threads: ( => current thread )
  0x000001a7f8f8c100 JavaThread "main"                              [_thread_blocked, id=15560, stack(0x0000000fa2c00000,0x0000000fa2d00000) (1024K)]
  0x000001a7fefa5f70 JavaThread "Reference Handler"          daemon [_thread_blocked, id=17984, stack(0x0000000fa3400000,0x0000000fa3500000) (1024K)]
  0x000001a7fefa69c0 JavaThread "Finalizer"                  daemon [_thread_blocked, id=6212, stack(0x0000000fa3500000,0x0000000fa3600000) (1024K)]
  0x000001a7fefdac80 JavaThread "Signal Dispatcher"          daemon [_thread_blocked, id=2552, stack(0x0000000fa3600000,0x0000000fa3700000) (1024K)]
  0x000001a7fefd8880 JavaThread "Attach Listener"            daemon [_thread_blocked, id=15356, stack(0x0000000fa3700000,0x0000000fa3800000) (1024K)]
  0x000001a7fefd92d0 JavaThread "Service Thread"             daemon [_thread_blocked, id=16120, stack(0x0000000fa3800000,0x0000000fa3900000) (1024K)]
  0x000001a7fefd9d20 JavaThread "Monitor Deflation Thread"   daemon [_thread_blocked, id=18952, stack(0x0000000fa3900000,0x0000000fa3a00000) (1024K)]
  0x000001a7ff002f50 JavaThread "C2 CompilerThread0"         daemon [_thread_blocked, id=11528, stack(0x0000000fa3a00000,0x0000000fa3b00000) (1024K)]
  0x000001a7ff003b10 JavaThread "C1 CompilerThread0"         daemon [_thread_blocked, id=10760, stack(0x0000000fa3b00000,0x0000000fa3c00000) (1024K)]
  0x000001a7ff131b80 JavaThread "Common-Cleaner"             daemon [_thread_blocked, id=17724, stack(0x0000000fa3c00000,0x0000000fa3d00000) (1024K)]
  0x000001a7ff2da9b0 JavaThread "Notification Thread"        daemon [_thread_blocked, id=9236, stack(0x0000000fa3d00000,0x0000000fa3e00000) (1024K)]
  0x000001a796290d00 JavaThread "Daemon health stats"               [_thread_blocked, id=3464, stack(0x0000000fa4200000,0x0000000fa4300000) (1024K)]
  0x000001a7954797d0 JavaThread "Incoming local TCP Connector on port 64095"        [_thread_in_native, id=18060, stack(0x0000000fa4300000,0x0000000fa4400000) (1024K)]
  0x000001a795479e60 JavaThread "Daemon periodic checks"            [_thread_blocked, id=14828, stack(0x0000000fa4400000,0x0000000fa4500000) (1024K)]
  0x000001a79547a4f0 JavaThread "Daemon"                            [_thread_blocked, id=10540, stack(0x0000000fa4500000,0x0000000fa4600000) (1024K)]
  0x000001a7963732d0 JavaThread "Handler for socket connection from /127.0.0.1:64095 to /127.0.0.1:64096"        [_thread_in_native, id=18176, stack(0x0000000fa4600000,0x0000000fa4700000) (1024K)]
  0x000001a796372c40 JavaThread "Cancel handler"                    [_thread_blocked, id=17436, stack(0x0000000fa4700000,0x0000000fa4800000) (1024K)]
  0x000001a796373960 JavaThread "Daemon worker"                     [_thread_blocked, id=11416, stack(0x0000000fa4800000,0x0000000fa4900000) (1024K)]
  0x000001a796371890 JavaThread "Asynchronous log dispatcher for DefaultDaemonConnection: socket connection from /127.0.0.1:64095 to /127.0.0.1:64096"        [_thread_blocked, id=17320, stack(0x0000000fa4900000,0x0000000fa4a00000) (1024K)]
  0x000001a796374d10 JavaThread "Stdin handler"                     [_thread_blocked, id=18072, stack(0x0000000fa4a00000,0x0000000fa4b00000) (1024K)]
  0x000001a796371f20 JavaThread "Daemon client event forwarder"        [_thread_blocked, id=1832, stack(0x0000000fa4b00000,0x0000000fa4c00000) (1024K)]
  0x000001a796373ff0 JavaThread "Cache worker for journal cache (C:\Users\Anastasija\.gradle\caches\journal-1)"        [_thread_blocked, id=12888, stack(0x0000000fa4c00000,0x0000000fa4d00000) (1024K)]
  0x000001a7963725b0 JavaThread "File lock request listener"        [_thread_in_native, id=18144, stack(0x0000000fa4d00000,0x0000000fa4e00000) (1024K)]
  0x000001a796377470 JavaThread "Cache worker for file hash cache (C:\Users\Anastasija\.gradle\caches\8.13\fileHashes)"        [_thread_blocked, id=15100, stack(0x0000000fa4e00000,0x0000000fa4f00000) (1024K)]
  0x000001a796375a30 JavaThread "Cache worker for file hash cache (C:\Users\Anastasija\Desktop\kaca\Vendly-main\Vendly-main\.gradle\8.13\fileHashes)"        [_thread_blocked, id=1916, stack(0x0000000fa4f00000,0x0000000fa5000000) (1024K)]
  0x000001a7963753a0 JavaThread "Cache worker for Build Output Cleanup Cache (C:\Users\Anastasija\Desktop\kaca\Vendly-main\Vendly-main\.gradle\buildOutputCleanup)"        [_thread_blocked, id=3128, stack(0x0000000fa5000000,0x0000000fa5100000) (1024K)]
  0x000001a7963760c0 JavaThread "File watcher server"        daemon [_thread_blocked, id=12584, stack(0x0000000fa5100000,0x0000000fa5200000) (1024K)]
  0x000001a796376750 JavaThread "File watcher consumer"      daemon [_thread_blocked, id=7928, stack(0x0000000fa5200000,0x0000000fa5300000) (1024K)]
  0x000001a797fd7e50 JavaThread "Cache worker for checksums cache (C:\Users\Anastasija\Desktop\kaca\Vendly-main\Vendly-main\.gradle\8.13\checksums)"        [_thread_blocked, id=10268, stack(0x0000000fa5300000,0x0000000fa5400000) (1024K)]
  0x000001a797fd84e0 JavaThread "Cache worker for file content cache (C:\Users\Anastasija\.gradle\caches\8.13\fileContent)"        [_thread_blocked, id=12740, stack(0x0000000fa5400000,0x0000000fa5500000) (1024K)]
  0x000001a797fd56f0 JavaThread "Cache worker for cache directory md-supplier (C:\Users\Anastasija\.gradle\caches\8.13\md-supplier)"        [_thread_blocked, id=18636, stack(0x0000000fa5500000,0x0000000fa5600000) (1024K)]
  0x000001a797fd7130 JavaThread "Cache worker for cache directory md-rule (C:\Users\Anastasija\.gradle\caches\8.13\md-rule)"        [_thread_blocked, id=13044, stack(0x0000000fa5600000,0x0000000fa5700000) (1024K)]
  0x000001a797fdb2d0 JavaThread "Unconstrained build operations"        [_thread_blocked, id=7852, stack(0x0000000fa3e00000,0x0000000fa3f00000) (1024K)]
  0x000001a797fd9f20 JavaThread "Unconstrained build operations Thread 2"        [_thread_blocked, id=16940, stack(0x0000000fa5800000,0x0000000fa5900000) (1024K)]
  0x000001a797fdbff0 JavaThread "Unconstrained build operations Thread 3"        [_thread_blocked, id=17852, stack(0x0000000fa5900000,0x0000000fa5a00000) (1024K)]
  0x000001a797fda5b0 JavaThread "Unconstrained build operations Thread 4"        [_thread_blocked, id=3020, stack(0x0000000fa5a00000,0x0000000fa5b00000) (1024K)]
  0x000001a797fdb960 JavaThread "Unconstrained build operations Thread 5"        [_thread_blocked, id=6112, stack(0x0000000fa5b00000,0x0000000fa5c00000) (1024K)]
  0x000001a799f6fd80 JavaThread "Unconstrained build operations Thread 6"        [_thread_blocked, id=17952, stack(0x0000000fa5c00000,0x0000000fa5d00000) (1024K)]
  0x000001a799f70aa0 JavaThread "Unconstrained build operations Thread 7"        [_thread_blocked, id=1480, stack(0x0000000fa5e00000,0x0000000fa5f00000) (1024K)]
  0x000001a799f717c0 JavaThread "Unconstrained build operations Thread 8"        [_thread_blocked, id=17500, stack(0x0000000fa5f00000,0x0000000fa6000000) (1024K)]
  0x000001a799f71e50 JavaThread "Unconstrained build operations Thread 9"        [_thread_blocked, id=19360, stack(0x0000000fa6000000,0x0000000fa6100000) (1024K)]
  0x000001a799f6f6f0 JavaThread "build event listener"              [_thread_blocked, id=4748, stack(0x0000000fa5d00000,0x0000000fa5e00000) (1024K)]
  0x000001a799f75ff0 JavaThread "Memory manager"                    [_thread_blocked, id=3672, stack(0x0000000fa6200000,0x0000000fa6300000) (1024K)]
  0x000001a799f73200 JavaThread "build event listener"              [_thread_blocked, id=10988, stack(0x0000000fa6300000,0x0000000fa6400000) (1024K)]
  0x000001a79a90e2f0 JavaThread "included builds"                   [_thread_blocked, id=5404, stack(0x0000000fa6400000,0x0000000fa6500000) (1024K)]
  0x000001a79a90f010 JavaThread "Execution worker"                  [_thread_blocked, id=8760, stack(0x0000000fa6500000,0x0000000fa6600000) (1024K)]
  0x000001a79a90c220 JavaThread "Execution worker Thread 2"         [_thread_blocked, id=1020, stack(0x0000000fa6600000,0x0000000fa6700000) (1024K)]
  0x000001a79a90f6a0 JavaThread "Execution worker Thread 3"         [_thread_blocked, id=9864, stack(0x0000000fa6700000,0x0000000fa6800000) (1024K)]
  0x000001a79a90cf40 JavaThread "Cache worker for execution history cache (C:\Users\Anastasija\Desktop\kaca\Vendly-main\Vendly-main\.gradle\8.13\executionHistory)"        [_thread_blocked, id=19076, stack(0x0000000fa6800000,0x0000000fa6900000) (1024K)]
  0x000001a79a9103c0 JavaThread "Unconstrained build operations Thread 10"        [_thread_blocked, id=19120, stack(0x0000000fa6900000,0x0000000fa6a00000) (1024K)]
  0x000001a79a910a50 JavaThread "Unconstrained build operations Thread 11"        [_thread_blocked, id=18796, stack(0x0000000fa6a00000,0x0000000fa6b00000) (1024K)]
  0x000001a79a90d5d0 JavaThread "Unconstrained build operations Thread 12"        [_thread_blocked, id=5844, stack(0x0000000fa6b00000,0x0000000fa6c00000) (1024K)]
  0x000001a79a7913a0 JavaThread "Unconstrained build operations Thread 13"        [_thread_blocked, id=8552, stack(0x0000000fa6c00000,0x0000000fa6d00000) (1024K)]
  0x000001a79a7920c0 JavaThread "Unconstrained build operations Thread 14"        [_thread_blocked, id=19396, stack(0x0000000fa6d00000,0x0000000fa6e00000) (1024K)]
  0x000001a79a90dc60 JavaThread "Unconstrained build operations Thread 15"        [_thread_blocked, id=5984, stack(0x0000000fa6e00000,0x0000000fa6f00000) (1024K)]
  0x000001a797fd9890 JavaThread "Unconstrained build operations Thread 16"        [_thread_blocked, id=15092, stack(0x0000000fa6f00000,0x0000000fa7000000) (1024K)]
  0x000001a7a04e4d90 JavaThread "Unconstrained build operations Thread 17"        [_thread_blocked, id=1164, stack(0x0000000fa7000000,0x0000000fa7100000) (1024K)]
  0x000001a7a04e6e60 JavaThread "Unconstrained build operations Thread 18"        [_thread_blocked, id=13872, stack(0x0000000fa7100000,0x0000000fa7200000) (1024K)]
  0x000001a7a04e88a0 JavaThread "Unconstrained build operations Thread 19"        [_thread_blocked, id=14868, stack(0x0000000fa7200000,0x0000000fa7300000) (1024K)]
  0x000001a7a04ea2e0 JavaThread "Unconstrained build operations Thread 20"        [_thread_blocked, id=11476, stack(0x0000000fa7300000,0x0000000fa7400000) (1024K)]
  0x000001a7a04ea970 JavaThread "Unconstrained build operations Thread 21"        [_thread_blocked, id=19108, stack(0x0000000fa7400000,0x0000000fa7500000) (1024K)]
  0x000001a7a04eb690 JavaThread "Unconstrained build operations Thread 22"        [_thread_blocked, id=17152, stack(0x0000000fa7500000,0x0000000fa7600000) (1024K)]
  0x000001a7a04eb000 JavaThread "Unconstrained build operations Thread 23"        [_thread_blocked, id=16148, stack(0x0000000fa7600000,0x0000000fa7700000) (1024K)]
  0x000001a7a04e8f30 JavaThread "Unconstrained build operations Thread 24"        [_thread_blocked, id=6132, stack(0x0000000fa7700000,0x0000000fa7800000) (1024K)]
  0x000001a7a04e5ab0 JavaThread "Unconstrained build operations Thread 25"        [_thread_blocked, id=18208, stack(0x0000000fa7800000,0x0000000fa7900000) (1024K)]
  0x000001a7a04e6140 JavaThread "Unconstrained build operations Thread 26"        [_thread_blocked, id=10340, stack(0x0000000fa7900000,0x0000000fa7a00000) (1024K)]
  0x000001a7a04e67d0 JavaThread "Unconstrained build operations Thread 27"        [_thread_blocked, id=8364, stack(0x0000000fa7a00000,0x0000000fa7b00000) (1024K)]
  0x000001a7a04e74f0 JavaThread "Unconstrained build operations Thread 28"        [_thread_blocked, id=15460, stack(0x0000000fa7b00000,0x0000000fa7c00000) (1024K)]
  0x000001a7a04e4070 JavaThread "Unconstrained build operations Thread 29"        [_thread_blocked, id=15852, stack(0x0000000fa7c00000,0x0000000fa7d00000) (1024K)]
  0x000001a7a04e7b80 JavaThread "Unconstrained build operations Thread 30"        [_thread_blocked, id=2420, stack(0x0000000fa7d00000,0x0000000fa7e00000) (1024K)]
  0x000001a7a04e4700 JavaThread "Unconstrained build operations Thread 31"        [_thread_blocked, id=2892, stack(0x0000000fa7e00000,0x0000000fa7f00000) (1024K)]
  0x000001a7a04e9c50 JavaThread "Unconstrained build operations Thread 32"        [_thread_blocked, id=2276, stack(0x0000000fa7f00000,0x0000000fa8000000) (1024K)]
  0x000001a7a04e8210 JavaThread "Unconstrained build operations Thread 33"        [_thread_blocked, id=17188, stack(0x0000000fa8000000,0x0000000fa8100000) (1024K)]
  0x000001a7a04e95c0 JavaThread "Unconstrained build operations Thread 34"        [_thread_blocked, id=17932, stack(0x0000000fa8100000,0x0000000fa8200000) (1024K)]
  0x000001a79acc0910 JavaThread "Unconstrained build operations Thread 35"        [_thread_blocked, id=18932, stack(0x0000000fa8200000,0x0000000fa8300000) (1024K)]
  0x000001a79acbe840 JavaThread "Unconstrained build operations Thread 36"        [_thread_blocked, id=2624, stack(0x0000000fa8300000,0x0000000fa8400000) (1024K)]
  0x000001a79acbe1b0 JavaThread "Unconstrained build operations Thread 37"        [_thread_blocked, id=17044, stack(0x0000000fa8400000,0x0000000fa8500000) (1024K)]
  0x000001a79acc0280 JavaThread "Unconstrained build operations Thread 38"        [_thread_blocked, id=17708, stack(0x0000000fa8500000,0x0000000fa8600000) (1024K)]
  0x000001a79acc0fa0 JavaThread "Unconstrained build operations Thread 39"        [_thread_blocked, id=3692, stack(0x0000000fa8600000,0x0000000fa8700000) (1024K)]
  0x000001a79acc1cc0 JavaThread "Unconstrained build operations Thread 40"        [_thread_blocked, id=18412, stack(0x0000000fa8700000,0x0000000fa8800000) (1024K)]
  0x000001a79ab30170 JavaThread "WorkerExecutor Queue"              [_thread_blocked, id=5220, stack(0x0000000fa8800000,0x0000000fa8900000) (1024K)]
  0x000001a79acbb3c0 JavaThread "RMI Scheduler(0)"           daemon [_thread_blocked, id=16484, stack(0x0000000fa8900000,0x0000000fa8a00000) (1024K)]
  0x000001a79a90fd30 JavaThread "RMI GC Daemon"              daemon [_thread_blocked, id=1696, stack(0x0000000fa8b00000,0x0000000fa8c00000) (1024K)]
  0x000001a79a911770 JavaThread "RMI TCP Accept-0"           daemon [_thread_in_native, id=16588, stack(0x0000000fa8c00000,0x0000000fa8d00000) (1024K)]
  0x000001a79a912b20 JavaThread "RMI Reaper"                        [_thread_blocked, id=5460, stack(0x0000000fa8d00000,0x0000000fa8e00000) (1024K)]
  0x000001a79a9131b0 JavaThread "RMI TCP Connection(2)-127.0.0.1" daemon [_thread_in_native, id=17700, stack(0x0000000fa8e00000,0x0000000fa8f00000) (1024K)]
  0x000001a79ab2fae0 JavaThread "WorkerExecutor Queue Thread 2"        [_thread_blocked, id=2752, stack(0x0000000fa2900000,0x0000000fa2a00000) (1024K)]
  0x000001a79ab2e0a0 JavaThread "WorkerExecutor Queue Thread 3"        [_thread_blocked, id=252, stack(0x0000000fa8a00000,0x0000000fa8b00000) (1024K)]
  0x000001a79ab30800 JavaThread "WorkerExecutor Queue Thread 5"        [_thread_blocked, id=14664, stack(0x0000000fa9000000,0x0000000fa9100000) (1024K)]
  0x000001a7967e3b70 JavaThread "C2 CompilerThread1"         daemon [_thread_blocked, id=8048, stack(0x0000000fa2a00000,0x0000000fa2b00000) (1024K)]
Total: 90

Other Threads:
=>0x000001a7feade9a0 VMThread "VM Thread"                           [id=10176, stack(0x0000000fa3300000,0x0000000fa3400000) (1024K)]
  0x000001a7fea86480 WatcherThread "VM Periodic Task Thread"        [id=18620, stack(0x0000000fa3200000,0x0000000fa3300000) (1024K)]
  0x000001a7f8fe1dd0 WorkerThread "GC Thread#0"                     [id=8916, stack(0x0000000fa2d00000,0x0000000fa2e00000) (1024K)]
  0x000001a7ff507240 WorkerThread "GC Thread#1"                     [id=12752, stack(0x0000000fa3f00000,0x0000000fa4000000) (1024K)]
  0x000001a7ff47c5f0 WorkerThread "GC Thread#2"                     [id=15048, stack(0x0000000fa4000000,0x0000000fa4100000) (1024K)]
  0x000001a79539f770 WorkerThread "GC Thread#3"                     [id=14836, stack(0x0000000fa4100000,0x0000000fa4200000) (1024K)]
  0x000001a7f8ff2f90 ConcurrentGCThread "G1 Main Marker"            [id=13248, stack(0x0000000fa2e00000,0x0000000fa2f00000) (1024K)]
  0x000001a7f8ff53c0 WorkerThread "G1 Conc#0"                       [id=15588, stack(0x0000000fa2f00000,0x0000000fa3000000) (1024K)]
  0x000001a7fe954f40 ConcurrentGCThread "G1 Refine#0"               [id=18956, stack(0x0000000fa3000000,0x0000000fa3100000) (1024K)]
  0x000001a7fe955860 ConcurrentGCThread "G1 Service"                [id=18908, stack(0x0000000fa3100000,0x0000000fa3200000) (1024K)]
Total: 10

Threads with active compile tasks:
C2 CompilerThread0  69969 16894   !   4       java.util.WeakHashMap::expungeStaleEntries (139 bytes)
C2 CompilerThread1  69969 16884       4       java.lang.invoke.MethodHandleImpl::makePairwiseConvertByEditor (617 bytes)
Total: 2

VM state: at safepoint (normal execution)

VM Mutex/Monitor currently owned by a thread:  ([mutex/lock_event])
[0x00007fff059ae3a0] Threads_lock - owner thread: 0x000001a7feade9a0
[0x00007fff059ae4a0] Heap_lock - owner thread: 0x000001a79ab30170

Heap address: 0x0000000080000000, size: 2048 MB, Compressed Oops mode: 32-bit

CDS archive(s) not mapped
Compressed class space mapped at: 0x0000000100000000-0x0000000140000000, reserved size: 1073741824
Narrow klass base: 0x0000000000000000, Narrow klass shift: 3, Narrow klass range: 0x140000000

GC Precious Log:
 CardTable entry size: 512
 Card Set container configuration: InlinePtr #cards 5 size 8 Array Of Cards #cards 12 size 40 Howl #buckets 4 coarsen threshold 1843 Howl Bitmap #cards 512 size 80 coarsen threshold 460 Card regions per heap region 1 cards per card region 2048
 CPUs: 4 total, 4 available
 Memory: 7834M
 Large Page Support: Disabled
 NUMA Support: Disabled
 Compressed Oops: Enabled (32-bit)
 Heap Region Size: 1M
 Heap Min Capacity: 8M
 Heap Initial Capacity: 124M
 Heap Max Capacity: 2G
 Pre-touch: Disabled
 Parallel Workers: 4
 Concurrent Workers: 1
 Concurrent Refinement Workers: 4
 Periodic GC: Disabled

Heap:
 garbage-first heap   total 263168K, used 181248K [0x0000000080000000, 0x0000000100000000)
  region size 1024K, 8 young (8192K), 8 survivors (8192K)
 Metaspace       used 138694K, committed 141120K, reserved 1179648K
  class space    used 18949K, committed 20160K, reserved 1048576K

Heap Regions: E=young(eden), S=young(survivor), O=old, HS=humongous(starts), HC=humongous(continues), CS=collection set, F=free, TAMS=top-at-mark-start, PB=parsable bottom
|   0|0x0000000080000000, 0x0000000080100000, 0x0000000080100000|100%|HS|  |TAMS 0x0000000080000000| PB 0x0000000080000000| Complete 
|   1|0x0000000080100000, 0x0000000080200000, 0x0000000080200000|100%|HC|  |TAMS 0x0000000080100000| PB 0x0000000080100000| Complete 
|   2|0x0000000080200000, 0x0000000080300000, 0x0000000080300000|100%|HC|  |TAMS 0x0000000080200000| PB 0x0000000080200000| Complete 
|   3|0x0000000080300000, 0x0000000080400000, 0x0000000080400000|100%| O|  |TAMS 0x0000000080300000| PB 0x0000000080300000| Untracked 
|   4|0x0000000080400000, 0x0000000080500000, 0x0000000080500000|100%| O|  |TAMS 0x0000000080400000| PB 0x0000000080400000| Untracked 
|   5|0x0000000080500000, 0x0000000080600000, 0x0000000080600000|100%| O|  |TAMS 0x0000000080500000| PB 0x0000000080500000| Untracked 
|   6|0x0000000080600000, 0x0000000080700000, 0x0000000080700000|100%| O|  |TAMS 0x0000000080600000| PB 0x0000000080600000| Untracked 
|   7|0x0000000080700000, 0x0000000080800000, 0x0000000080800000|100%|HS|  |TAMS 0x0000000080700000| PB 0x0000000080700000| Complete 
|   8|0x0000000080800000, 0x0000000080900000, 0x0000000080900000|100%| O|  |TAMS 0x0000000080800000| PB 0x0000000080800000| Untracked 
|   9|0x0000000080900000, 0x0000000080a00000, 0x0000000080a00000|100%| O|  |TAMS 0x0000000080900000| PB 0x0000000080900000| Untracked 
|  10|0x0000000080a00000, 0x0000000080b00000, 0x0000000080b00000|100%| O|  |TAMS 0x0000000080a00000| PB 0x0000000080a00000| Untracked 
|  11|0x0000000080b00000, 0x0000000080c00000, 0x0000000080c00000|100%| O|  |TAMS 0x0000000080b00000| PB 0x0000000080b00000| Untracked 
|  12|0x0000000080c00000, 0x0000000080d00000, 0x0000000080d00000|100%| O|  |TAMS 0x0000000080c00000| PB 0x0000000080c00000| Untracked 
|  13|0x0000000080d00000, 0x0000000080e00000, 0x0000000080e00000|100%| O|  |TAMS 0x0000000080d00000| PB 0x0000000080d00000| Untracked 
|  14|0x0000000080e00000, 0x0000000080f00000, 0x0000000080f00000|100%| O|  |TAMS 0x0000000080e00000| PB 0x0000000080e00000| Untracked 
|  15|0x0000000080f00000, 0x0000000081000000, 0x0000000081000000|100%| O|  |TAMS 0x0000000080f00000| PB 0x0000000080f00000| Untracked 
|  16|0x0000000081000000, 0x0000000081100000, 0x0000000081100000|100%| O|  |TAMS 0x0000000081000000| PB 0x0000000081000000| Untracked 
|  17|0x0000000081100000, 0x0000000081200000, 0x0000000081200000|100%| O|  |TAMS 0x0000000081100000| PB 0x0000000081100000| Untracked 
|  18|0x0000000081200000, 0x0000000081300000, 0x0000000081300000|100%| O|  |TAMS 0x0000000081200000| PB 0x0000000081200000| Untracked 
|  19|0x0000000081300000, 0x0000000081400000, 0x0000000081400000|100%| O|  |TAMS 0x0000000081300000| PB 0x0000000081300000| Untracked 
|  20|0x0000000081400000, 0x0000000081500000, 0x0000000081500000|100%| O|  |TAMS 0x0000000081400000| PB 0x0000000081400000| Untracked 
|  21|0x0000000081500000, 0x0000000081600000, 0x0000000081600000|100%| O|  |TAMS 0x0000000081500000| PB 0x0000000081500000| Untracked 
|  22|0x0000000081600000, 0x0000000081700000, 0x0000000081700000|100%| O|  |TAMS 0x0000000081600000| PB 0x0000000081600000| Untracked 
|  23|0x0000000081700000, 0x0000000081800000, 0x0000000081800000|100%| O|  |TAMS 0x0000000081700000| PB 0x0000000081700000| Untracked 
|  24|0x0000000081800000, 0x0000000081900000, 0x0000000081900000|100%| O|  |TAMS 0x0000000081800000| PB 0x0000000081800000| Untracked 
|  25|0x0000000081900000, 0x0000000081a00000, 0x0000000081a00000|100%| O|  |TAMS 0x0000000081900000| PB 0x0000000081900000| Untracked 
|  26|0x0000000081a00000, 0x0000000081b00000, 0x0000000081b00000|100%| O|  |TAMS 0x0000000081a00000| PB 0x0000000081a00000| Untracked 
|  27|0x0000000081b00000, 0x0000000081c00000, 0x0000000081c00000|100%| O|  |TAMS 0x0000000081b00000| PB 0x0000000081b00000| Untracked 
|  28|0x0000000081c00000, 0x0000000081d00000, 0x0000000081d00000|100%| O|  |TAMS 0x0000000081c00000| PB 0x0000000081c00000| Untracked 
|  29|0x0000000081d00000, 0x0000000081e00000, 0x0000000081e00000|100%| O|  |TAMS 0x0000000081d00000| PB 0x0000000081d00000| Untracked 
|  30|0x0000000081e00000, 0x0000000081f00000, 0x0000000081f00000|100%| O|  |TAMS 0x0000000081e00000| PB 0x0000000081e00000| Untracked 
|  31|0x0000000081f00000, 0x0000000082000000, 0x0000000082000000|100%| O|  |TAMS 0x0000000081f00000| PB 0x0000000081f00000| Untracked 
|  32|0x0000000082000000, 0x0000000082100000, 0x0000000082100000|100%| O|  |TAMS 0x0000000082000000| PB 0x0000000082000000| Untracked 
|  33|0x0000000082100000, 0x0000000082200000, 0x0000000082200000|100%| O|  |TAMS 0x0000000082100000| PB 0x0000000082100000| Untracked 
|  34|0x0000000082200000, 0x0000000082300000, 0x0000000082300000|100%| O|  |TAMS 0x0000000082200000| PB 0x0000000082200000| Untracked 
|  35|0x0000000082300000, 0x0000000082400000, 0x0000000082400000|100%| O|  |TAMS 0x0000000082300000| PB 0x0000000082300000| Untracked 
|  36|0x0000000082400000, 0x0000000082500000, 0x0000000082500000|100%| O|  |TAMS 0x0000000082400000| PB 0x0000000082400000| Untracked 
|  37|0x0000000082500000, 0x0000000082600000, 0x0000000082600000|100%| O|  |TAMS 0x0000000082500000| PB 0x0000000082500000| Untracked 
|  38|0x0000000082600000, 0x0000000082700000, 0x0000000082700000|100%| O|  |TAMS 0x0000000082600000| PB 0x0000000082600000| Untracked 
|  39|0x0000000082700000, 0x0000000082800000, 0x0000000082800000|100%| O|  |TAMS 0x0000000082700000| PB 0x0000000082700000| Untracked 
|  40|0x0000000082800000, 0x0000000082900000, 0x0000000082900000|100%| O|  |TAMS 0x0000000082800000| PB 0x0000000082800000| Untracked 
|  41|0x0000000082900000, 0x0000000082a00000, 0x0000000082a00000|100%| O|  |TAMS 0x0000000082900000| PB 0x0000000082900000| Untracked 
|  42|0x0000000082a00000, 0x0000000082b00000, 0x0000000082b00000|100%| O|  |TAMS 0x0000000082a00000| PB 0x0000000082a00000| Untracked 
|  43|0x0000000082b00000, 0x0000000082c00000, 0x0000000082c00000|100%| O|  |TAMS 0x0000000082b00000| PB 0x0000000082b00000| Untracked 
|  44|0x0000000082c00000, 0x0000000082d00000, 0x0000000082d00000|100%| O|  |TAMS 0x0000000082c00000| PB 0x0000000082c00000| Untracked 
|  45|0x0000000082d00000, 0x0000000082e00000, 0x0000000082e00000|100%|HS|  |TAMS 0x0000000082d00000| PB 0x0000000082d00000| Complete 
|  46|0x0000000082e00000, 0x0000000082f00000, 0x0000000082f00000|100%| O|  |TAMS 0x0000000082e00000| PB 0x0000000082e00000| Untracked 
|  47|0x0000000082f00000, 0x0000000083000000, 0x0000000083000000|100%| O|  |TAMS 0x0000000082f00000| PB 0x0000000082f00000| Untracked 
|  48|0x0000000083000000, 0x0000000083100000, 0x0000000083100000|100%| O|  |TAMS 0x0000000083000000| PB 0x0000000083000000| Untracked 
|  49|0x0000000083100000, 0x0000000083200000, 0x0000000083200000|100%| O|  |TAMS 0x0000000083100000| PB 0x0000000083100000| Untracked 
|  50|0x0000000083200000, 0x0000000083300000, 0x0000000083300000|100%| O|  |TAMS 0x0000000083200000| PB 0x0000000083200000| Untracked 
|  51|0x0000000083300000, 0x0000000083400000, 0x0000000083400000|100%|HS|  |TAMS 0x0000000083300000| PB 0x0000000083300000| Complete 
|  52|0x0000000083400000, 0x0000000083500000, 0x0000000083500000|100%|HS|  |TAMS 0x0000000083400000| PB 0x0000000083400000| Complete 
|  53|0x0000000083500000, 0x0000000083600000, 0x0000000083600000|100%|HC|  |TAMS 0x0000000083500000| PB 0x0000000083500000| Complete 
|  54|0x0000000083600000, 0x0000000083700000, 0x0000000083700000|100%|HS|  |TAMS 0x0000000083600000| PB 0x0000000083600000| Complete 
|  55|0x0000000083700000, 0x0000000083800000, 0x0000000083800000|100%|HC|  |TAMS 0x0000000083700000| PB 0x0000000083700000| Complete 
|  56|0x0000000083800000, 0x0000000083900000, 0x0000000083900000|100%| O|  |TAMS 0x0000000083800000| PB 0x0000000083800000| Untracked 
|  57|0x0000000083900000, 0x0000000083a00000, 0x0000000083a00000|100%|HS|  |TAMS 0x0000000083900000| PB 0x0000000083900000| Complete 
|  58|0x0000000083a00000, 0x0000000083b00000, 0x0000000083b00000|100%|HS|  |TAMS 0x0000000083a00000| PB 0x0000000083a00000| Complete 
|  59|0x0000000083b00000, 0x0000000083c00000, 0x0000000083c00000|100%| O|  |TAMS 0x0000000083b00000| PB 0x0000000083b00000| Untracked 
|  60|0x0000000083c00000, 0x0000000083d00000, 0x0000000083d00000|100%| O|  |TAMS 0x0000000083c00000| PB 0x0000000083c00000| Untracked 
|  61|0x0000000083d00000, 0x0000000083d00000, 0x0000000083e00000|  0%| F|  |TAMS 0x0000000083d00000| PB 0x0000000083d00000| Untracked 
|  62|0x0000000083e00000, 0x0000000083f00000, 0x0000000083f00000|100%| O|  |TAMS 0x0000000083e00000| PB 0x0000000083e00000| Untracked 
|  63|0x0000000083f00000, 0x0000000084000000, 0x0000000084000000|100%|HS|  |TAMS 0x0000000083f00000| PB 0x0000000083f00000| Complete 
|  64|0x0000000084000000, 0x0000000084100000, 0x0000000084100000|100%| O|  |TAMS 0x0000000084000000| PB 0x0000000084000000| Untracked 
|  65|0x0000000084100000, 0x0000000084200000, 0x0000000084200000|100%|HS|  |TAMS 0x0000000084100000| PB 0x0000000084100000| Complete 
|  66|0x0000000084200000, 0x0000000084300000, 0x0000000084300000|100%| O|  |TAMS 0x0000000084200000| PB 0x0000000084200000| Untracked 
|  67|0x0000000084300000, 0x0000000084400000, 0x0000000084400000|100%| O|  |TAMS 0x0000000084300000| PB 0x0000000084300000| Untracked 
|  68|0x0000000084400000, 0x0000000084500000, 0x0000000084500000|100%| O|  |TAMS 0x0000000084400000| PB 0x0000000084400000| Untracked 
|  69|0x0000000084500000, 0x0000000084600000, 0x0000000084600000|100%| O|  |TAMS 0x0000000084500000| PB 0x0000000084500000| Untracked 
|  70|0x0000000084600000, 0x0000000084700000, 0x0000000084700000|100%| O|  |TAMS 0x0000000084600000| PB 0x0000000084600000| Untracked 
|  71|0x0000000084700000, 0x0000000084800000, 0x0000000084800000|100%| O|  |TAMS 0x0000000084700000| PB 0x0000000084700000| Untracked 
|  72|0x0000000084800000, 0x0000000084900000, 0x0000000084900000|100%|HS|  |TAMS 0x0000000084800000| PB 0x0000000084800000| Complete 
|  73|0x0000000084900000, 0x0000000084a00000, 0x0000000084a00000|100%| O|  |TAMS 0x0000000084900000| PB 0x0000000084900000| Untracked 
|  74|0x0000000084a00000, 0x0000000084b00000, 0x0000000084b00000|100%| O|  |TAMS 0x0000000084a00000| PB 0x0000000084a00000| Untracked 
|  75|0x0000000084b00000, 0x0000000084c00000, 0x0000000084c00000|100%| O|  |TAMS 0x0000000084b00000| PB 0x0000000084b00000| Untracked 
|  76|0x0000000084c00000, 0x0000000084d00000, 0x0000000084d00000|100%| O|  |TAMS 0x0000000084c00000| PB 0x0000000084c00000| Untracked 
|  77|0x0000000084d00000, 0x0000000084e00000, 0x0000000084e00000|100%|HS|  |TAMS 0x0000000084d00000| PB 0x0000000084d00000| Complete 
|  78|0x0000000084e00000, 0x0000000084f00000, 0x0000000084f00000|100%|HC|  |TAMS 0x0000000084e00000| PB 0x0000000084e00000| Complete 
|  79|0x0000000084f00000, 0x0000000085000000, 0x0000000085000000|100%|HC|  |TAMS 0x0000000084f00000| PB 0x0000000084f00000| Complete 
|  80|0x0000000085000000, 0x0000000085100000, 0x0000000085100000|100%| O|  |TAMS 0x0000000085000000| PB 0x0000000085000000| Untracked 
|  81|0x0000000085100000, 0x0000000085200000, 0x0000000085200000|100%| O|  |TAMS 0x0000000085100000| PB 0x0000000085100000| Untracked 
|  82|0x0000000085200000, 0x0000000085300000, 0x0000000085300000|100%| O|  |TAMS 0x0000000085200000| PB 0x0000000085200000| Untracked 
|  83|0x0000000085300000, 0x0000000085400000, 0x0000000085400000|100%| O|  |TAMS 0x0000000085300000| PB 0x0000000085300000| Untracked 
|  84|0x0000000085400000, 0x0000000085500000, 0x0000000085500000|100%| O|  |TAMS 0x0000000085400000| PB 0x0000000085400000| Untracked 
|  85|0x0000000085500000, 0x0000000085600000, 0x0000000085600000|100%| O|  |TAMS 0x0000000085500000| PB 0x0000000085500000| Untracked 
|  86|0x0000000085600000, 0x0000000085700000, 0x0000000085700000|100%| O|  |TAMS 0x0000000085600000| PB 0x0000000085600000| Untracked 
|  87|0x0000000085700000, 0x0000000085800000, 0x0000000085800000|100%| O|  |TAMS 0x0000000085700000| PB 0x0000000085700000| Untracked 
|  88|0x0000000085800000, 0x0000000085900000, 0x0000000085900000|100%| O|  |TAMS 0x0000000085800000| PB 0x0000000085800000| Untracked 
|  89|0x0000000085900000, 0x0000000085a00000, 0x0000000085a00000|100%| O|  |TAMS 0x0000000085900000| PB 0x0000000085900000| Untracked 
|  90|0x0000000085a00000, 0x0000000085b00000, 0x0000000085b00000|100%| O|  |TAMS 0x0000000085a00000| PB 0x0000000085a00000| Untracked 
|  91|0x0000000085b00000, 0x0000000085c00000, 0x0000000085c00000|100%| O|  |TAMS 0x0000000085b00000| PB 0x0000000085b00000| Untracked 
|  92|0x0000000085c00000, 0x0000000085d00000, 0x0000000085d00000|100%| O|  |TAMS 0x0000000085c00000| PB 0x0000000085c00000| Untracked 
|  93|0x0000000085d00000, 0x0000000085e00000, 0x0000000085e00000|100%| O|  |TAMS 0x0000000085d00000| PB 0x0000000085d00000| Untracked 
|  94|0x0000000085e00000, 0x0000000085f00000, 0x0000000085f00000|100%| O|  |TAMS 0x0000000085e00000| PB 0x0000000085e00000| Untracked 
|  95|0x0000000085f00000, 0x0000000086000000, 0x0000000086000000|100%| O|  |TAMS 0x0000000085f00000| PB 0x0000000085f00000| Untracked 
|  96|0x0000000086000000, 0x0000000086100000, 0x0000000086100000|100%|HS|  |TAMS 0x0000000086000000| PB 0x0000000086000000| Complete 
|  97|0x0000000086100000, 0x0000000086200000, 0x0000000086200000|100%|HC|  |TAMS 0x0000000086100000| PB 0x0000000086100000| Complete 
|  98|0x0000000086200000, 0x0000000086300000, 0x0000000086300000|100%|HC|  |TAMS 0x0000000086200000| PB 0x0000000086200000| Complete 
|  99|0x0000000086300000, 0x0000000086300000, 0x0000000086400000|  0%| F|  |TAMS 0x0000000086300000| PB 0x0000000086300000| Untracked 
| 100|0x0000000086400000, 0x0000000086500000, 0x0000000086500000|100%| O|  |TAMS 0x0000000086400000| PB 0x0000000086400000| Untracked 
| 101|0x0000000086500000, 0x0000000086600000, 0x0000000086600000|100%| O|  |TAMS 0x0000000086500000| PB 0x0000000086500000| Untracked 
| 102|0x0000000086600000, 0x0000000086700000, 0x0000000086700000|100%| O|  |TAMS 0x0000000086600000| PB 0x0000000086600000| Untracked 
| 103|0x0000000086700000, 0x0000000086800000, 0x0000000086800000|100%| O|  |TAMS 0x0000000086700000| PB 0x0000000086700000| Untracked 
| 104|0x0000000086800000, 0x0000000086900000, 0x0000000086900000|100%| O|  |TAMS 0x0000000086800000| PB 0x0000000086800000| Untracked 
| 105|0x0000000086900000, 0x0000000086a00000, 0x0000000086a00000|100%| O|  |TAMS 0x0000000086900000| PB 0x0000000086900000| Untracked 
| 106|0x0000000086a00000, 0x0000000086b00000, 0x0000000086b00000|100%| O|  |TAMS 0x0000000086a00000| PB 0x0000000086a00000| Untracked 
| 107|0x0000000086b00000, 0x0000000086c00000, 0x0000000086c00000|100%| O|  |TAMS 0x0000000086b00000| PB 0x0000000086b00000| Untracked 
| 108|0x0000000086c00000, 0x0000000086d00000, 0x0000000086d00000|100%| O|  |TAMS 0x0000000086c00000| PB 0x0000000086c00000| Untracked 
| 109|0x0000000086d00000, 0x0000000086e00000, 0x0000000086e00000|100%| O|  |TAMS 0x0000000086d00000| PB 0x0000000086d00000| Untracked 
| 110|0x0000000086e00000, 0x0000000086f00000, 0x0000000086f00000|100%| O|  |TAMS 0x0000000086e00000| PB 0x0000000086e00000| Untracked 
| 111|0x0000000086f00000, 0x0000000087000000, 0x0000000087000000|100%| O|  |TAMS 0x0000000086f00000| PB 0x0000000086f00000| Untracked 
| 112|0x0000000087000000, 0x0000000087100000, 0x0000000087100000|100%| O|  |TAMS 0x0000000087000000| PB 0x0000000087000000| Untracked 
| 113|0x0000000087100000, 0x0000000087200000, 0x0000000087200000|100%| O|  |TAMS 0x0000000087100000| PB 0x0000000087100000| Untracked 
| 114|0x0000000087200000, 0x0000000087300000, 0x0000000087300000|100%| O|  |TAMS 0x0000000087200000| PB 0x0000000087200000| Untracked 
| 115|0x0000000087300000, 0x0000000087400000, 0x0000000087400000|100%| O|  |TAMS 0x0000000087300000| PB 0x0000000087300000| Untracked 
| 116|0x0000000087400000, 0x0000000087500000, 0x0000000087500000|100%| O|  |TAMS 0x0000000087400000| PB 0x0000000087400000| Untracked 
| 117|0x0000000087500000, 0x0000000087600000, 0x0000000087600000|100%| O|  |TAMS 0x0000000087500000| PB 0x0000000087500000| Untracked 
| 118|0x0000000087600000, 0x0000000087700000, 0x0000000087700000|100%| O|  |TAMS 0x0000000087600000| PB 0x0000000087600000| Untracked 
| 119|0x0000000087700000, 0x0000000087800000, 0x0000000087800000|100%| O|  |TAMS 0x0000000087700000| PB 0x0000000087700000| Untracked 
| 120|0x0000000087800000, 0x0000000087900000, 0x0000000087900000|100%| O|  |TAMS 0x0000000087800000| PB 0x0000000087800000| Untracked 
| 121|0x0000000087900000, 0x0000000087a00000, 0x0000000087a00000|100%| O|  |TAMS 0x0000000087900000| PB 0x0000000087900000| Untracked 
| 122|0x0000000087a00000, 0x0000000087b00000, 0x0000000087b00000|100%| O|  |TAMS 0x0000000087a00000| PB 0x0000000087a00000| Untracked 
| 123|0x0000000087b00000, 0x0000000087c00000, 0x0000000087c00000|100%| O|  |TAMS 0x0000000087b00000| PB 0x0000000087b00000| Untracked 
| 124|0x0000000087c00000, 0x0000000087d00000, 0x0000000087d00000|100%| O|  |TAMS 0x0000000087c00000| PB 0x0000000087c00000| Untracked 
| 125|0x0000000087d00000, 0x0000000087e00000, 0x0000000087e00000|100%| O|  |TAMS 0x0000000087d00000| PB 0x0000000087d00000| Untracked 
| 126|0x0000000087e00000, 0x0000000087f00000, 0x0000000087f00000|100%| O|  |TAMS 0x0000000087e00000| PB 0x0000000087e00000| Untracked 
| 127|0x0000000087f00000, 0x0000000088000000, 0x0000000088000000|100%| O|  |TAMS 0x0000000087f00000| PB 0x0000000087f00000| Untracked 
| 128|0x0000000088000000, 0x0000000088100000, 0x0000000088100000|100%| O|  |TAMS 0x0000000088000000| PB 0x0000000088000000| Untracked 
| 129|0x0000000088100000, 0x0000000088200000, 0x0000000088200000|100%| O|  |TAMS 0x0000000088100000| PB 0x0000000088100000| Untracked 
| 130|0x0000000088200000, 0x0000000088200000, 0x0000000088300000|  0%| F|  |TAMS 0x0000000088200000| PB 0x0000000088200000| Untracked 
| 131|0x0000000088300000, 0x0000000088400000, 0x0000000088400000|100%| O|  |TAMS 0x0000000088300000| PB 0x0000000088300000| Untracked 
| 132|0x0000000088400000, 0x0000000088500000, 0x0000000088500000|100%| O|  |TAMS 0x0000000088400000| PB 0x0000000088400000| Untracked 
| 133|0x0000000088500000, 0x0000000088600000, 0x0000000088600000|100%| O|  |TAMS 0x0000000088500000| PB 0x0000000088500000| Untracked 
| 134|0x0000000088600000, 0x0000000088700000, 0x0000000088700000|100%| O|  |TAMS 0x0000000088600000| PB 0x0000000088600000| Untracked 
| 135|0x0000000088700000, 0x0000000088800000, 0x0000000088800000|100%| O|  |TAMS 0x0000000088700000| PB 0x0000000088700000| Untracked 
| 136|0x0000000088800000, 0x0000000088900000, 0x0000000088900000|100%| O|  |TAMS 0x0000000088800000| PB 0x0000000088800000| Untracked 
| 137|0x0000000088900000, 0x0000000088a00000, 0x0000000088a00000|100%| O|  |TAMS 0x0000000088900000| PB 0x0000000088900000| Untracked 
| 138|0x0000000088a00000, 0x0000000088b00000, 0x0000000088b00000|100%|HS|  |TAMS 0x0000000088a00000| PB 0x0000000088a00000| Complete 
| 139|0x0000000088b00000, 0x0000000088c00000, 0x0000000088c00000|100%|HC|  |TAMS 0x0000000088b00000| PB 0x0000000088b00000| Complete 
| 140|0x0000000088c00000, 0x0000000088d00000, 0x0000000088d00000|100%|HS|  |TAMS 0x0000000088c00000| PB 0x0000000088c00000| Complete 
| 141|0x0000000088d00000, 0x0000000088e00000, 0x0000000088e00000|100%|HC|  |TAMS 0x0000000088d00000| PB 0x0000000088d00000| Complete 
| 142|0x0000000088e00000, 0x0000000088f00000, 0x0000000088f00000|100%| O|  |TAMS 0x0000000088e00000| PB 0x0000000088e00000| Untracked 
| 143|0x0000000088f00000, 0x0000000089000000, 0x0000000089000000|100%| O|  |TAMS 0x0000000088f00000| PB 0x0000000088f00000| Untracked 
| 144|0x0000000089000000, 0x0000000089100000, 0x0000000089100000|100%| O|  |TAMS 0x0000000089000000| PB 0x0000000089000000| Untracked 
| 145|0x0000000089100000, 0x0000000089200000, 0x0000000089200000|100%| O|  |TAMS 0x0000000089100000| PB 0x0000000089100000| Untracked 
| 146|0x0000000089200000, 0x0000000089300000, 0x0000000089300000|100%| O|  |TAMS 0x0000000089200000| PB 0x0000000089200000| Untracked 
| 147|0x0000000089300000, 0x0000000089400000, 0x0000000089400000|100%| O|  |TAMS 0x0000000089300000| PB 0x0000000089300000| Untracked 
| 148|0x0000000089400000, 0x0000000089500000, 0x0000000089500000|100%| O|  |TAMS 0x0000000089400000| PB 0x0000000089400000| Untracked 
| 149|0x0000000089500000, 0x0000000089600000, 0x0000000089600000|100%| O|  |TAMS 0x0000000089500000| PB 0x0000000089500000| Untracked 
| 150|0x0000000089600000, 0x0000000089700000, 0x0000000089700000|100%| O|  |TAMS 0x0000000089600000| PB 0x0000000089600000| Untracked 
| 151|0x0000000089700000, 0x0000000089800000, 0x0000000089800000|100%| O|  |TAMS 0x0000000089700000| PB 0x0000000089700000| Untracked 
| 152|0x0000000089800000, 0x0000000089900000, 0x0000000089900000|100%| O|  |TAMS 0x0000000089800000| PB 0x0000000089800000| Untracked 
| 153|0x0000000089900000, 0x0000000089a00000, 0x0000000089a00000|100%| O|  |TAMS 0x0000000089900000| PB 0x0000000089900000| Untracked 
| 154|0x0000000089a00000, 0x0000000089b00000, 0x0000000089b00000|100%| O|  |TAMS 0x0000000089a00000| PB 0x0000000089a00000| Untracked 
| 155|0x0000000089b00000, 0x0000000089c00000, 0x0000000089c00000|100%| O|  |TAMS 0x0000000089b00000| PB 0x0000000089b00000| Untracked 
| 156|0x0000000089c00000, 0x0000000089d00000, 0x0000000089d00000|100%| O|  |TAMS 0x0000000089c00000| PB 0x0000000089c00000| Untracked 
| 157|0x0000000089d00000, 0x0000000089e00000, 0x0000000089e00000|100%| O|  |TAMS 0x0000000089d00000| PB 0x0000000089d00000| Untracked 
| 158|0x0000000089e00000, 0x0000000089f00000, 0x0000000089f00000|100%| O|  |TAMS 0x0000000089e00000| PB 0x0000000089e00000| Untracked 
| 159|0x0000000089f00000, 0x000000008a000000, 0x000000008a000000|100%| O|  |TAMS 0x0000000089f00000| PB 0x0000000089f00000| Untracked 
| 160|0x000000008a000000, 0x000000008a100000, 0x000000008a100000|100%| O|  |TAMS 0x000000008a000000| PB 0x000000008a000000| Untracked 
| 161|0x000000008a100000, 0x000000008a200000, 0x000000008a200000|100%| O|  |TAMS 0x000000008a100000| PB 0x000000008a100000| Untracked 
| 162|0x000000008a200000, 0x000000008a300000, 0x000000008a300000|100%| O|  |TAMS 0x000000008a200000| PB 0x000000008a200000| Untracked 
| 163|0x000000008a300000, 0x000000008a400000, 0x000000008a400000|100%| O|  |TAMS 0x000000008a300000| PB 0x000000008a300000| Untracked 
| 164|0x000000008a400000, 0x000000008a500000, 0x000000008a500000|100%| O|  |TAMS 0x000000008a400000| PB 0x000000008a400000| Untracked 
| 165|0x000000008a500000, 0x000000008a600000, 0x000000008a600000|100%| O|  |TAMS 0x000000008a500000| PB 0x000000008a500000| Untracked 
| 166|0x000000008a600000, 0x000000008a700000, 0x000000008a700000|100%| O|  |TAMS 0x000000008a600000| PB 0x000000008a600000| Untracked 
| 167|0x000000008a700000, 0x000000008a800000, 0x000000008a800000|100%| O|  |TAMS 0x000000008a700000| PB 0x000000008a700000| Untracked 
| 168|0x000000008a800000, 0x000000008a900000, 0x000000008a900000|100%| O|  |TAMS 0x000000008a800000| PB 0x000000008a800000| Untracked 
| 169|0x000000008a900000, 0x000000008aa00000, 0x000000008aa00000|100%| O|  |TAMS 0x000000008a900000| PB 0x000000008a900000| Untracked 
| 170|0x000000008aa00000, 0x000000008ab00000, 0x000000008ab00000|100%| O|  |TAMS 0x000000008aa00000| PB 0x000000008aa00000| Untracked 
| 171|0x000000008ab00000, 0x000000008ac00000, 0x000000008ac00000|100%| O|  |TAMS 0x000000008ab00000| PB 0x000000008ab00000| Untracked 
| 172|0x000000008ac00000, 0x000000008ac80000, 0x000000008ad00000| 50%| O|  |TAMS 0x000000008ac00000| PB 0x000000008ac00000| Untracked 
| 173|0x000000008ad00000, 0x000000008ad00000, 0x000000008ae00000|  0%| F|  |TAMS 0x000000008ad00000| PB 0x000000008ad00000| Untracked 
| 174|0x000000008ae00000, 0x000000008ae00000, 0x000000008af00000|  0%| F|  |TAMS 0x000000008ae00000| PB 0x000000008ae00000| Untracked 
| 175|0x000000008af00000, 0x000000008af00000, 0x000000008b000000|  0%| F|  |TAMS 0x000000008af00000| PB 0x000000008af00000| Untracked 
| 176|0x000000008b000000, 0x000000008b000000, 0x000000008b100000|  0%| F|  |TAMS 0x000000008b000000| PB 0x000000008b000000| Untracked 
| 177|0x000000008b100000, 0x000000008b180000, 0x000000008b200000| 50%| S|CS|TAMS 0x000000008b100000| PB 0x000000008b100000| Complete 
| 178|0x000000008b200000, 0x000000008b300000, 0x000000008b300000|100%| S|CS|TAMS 0x000000008b200000| PB 0x000000008b200000| Complete 
| 179|0x000000008b300000, 0x000000008b400000, 0x000000008b400000|100%| S|CS|TAMS 0x000000008b300000| PB 0x000000008b300000| Complete 
| 180|0x000000008b400000, 0x000000008b500000, 0x000000008b500000|100%| S|CS|TAMS 0x000000008b400000| PB 0x000000008b400000| Complete 
| 181|0x000000008b500000, 0x000000008b600000, 0x000000008b600000|100%| S|CS|TAMS 0x000000008b500000| PB 0x000000008b500000| Complete 
| 182|0x000000008b600000, 0x000000008b700000, 0x000000008b700000|100%| S|CS|TAMS 0x000000008b600000| PB 0x000000008b600000| Complete 
| 183|0x000000008b700000, 0x000000008b800000, 0x000000008b800000|100%| S|CS|TAMS 0x000000008b700000| PB 0x000000008b700000| Complete 
| 184|0x000000008b800000, 0x000000008b800000, 0x000000008b900000|  0%| F|  |TAMS 0x000000008b800000| PB 0x000000008b800000| Untracked 
| 185|0x000000008b900000, 0x000000008b900000, 0x000000008ba00000|  0%| F|  |TAMS 0x000000008b900000| PB 0x000000008b900000| Untracked 
| 186|0x000000008ba00000, 0x000000008ba00000, 0x000000008bb00000|  0%| F|  |TAMS 0x000000008ba00000| PB 0x000000008ba00000| Untracked 
| 187|0x000000008bb00000, 0x000000008bb00000, 0x000000008bc00000|  0%| F|  |TAMS 0x000000008bb00000| PB 0x000000008bb00000| Untracked 
| 188|0x000000008bc00000, 0x000000008bc00000, 0x000000008bd00000|  0%| F|  |TAMS 0x000000008bc00000| PB 0x000000008bc00000| Untracked 
| 189|0x000000008bd00000, 0x000000008bd00000, 0x000000008be00000|  0%| F|  |TAMS 0x000000008bd00000| PB 0x000000008bd00000| Untracked 
| 190|0x000000008be00000, 0x000000008be00000, 0x000000008bf00000|  0%| F|  |TAMS 0x000000008be00000| PB 0x000000008be00000| Untracked 
| 191|0x000000008bf00000, 0x000000008bf00000, 0x000000008c000000|  0%| F|  |TAMS 0x000000008bf00000| PB 0x000000008bf00000| Untracked 
| 192|0x000000008c000000, 0x000000008c000000, 0x000000008c100000|  0%| F|  |TAMS 0x000000008c000000| PB 0x000000008c000000| Untracked 
| 193|0x000000008c100000, 0x000000008c100000, 0x000000008c200000|  0%| F|  |TAMS 0x000000008c100000| PB 0x000000008c100000| Untracked 
| 194|0x000000008c200000, 0x000000008c300000, 0x000000008c300000|100%| S|CS|TAMS 0x000000008c200000| PB 0x000000008c200000| Complete 
| 195|0x000000008c300000, 0x000000008c300000, 0x000000008c400000|  0%| F|  |TAMS 0x000000008c300000| PB 0x000000008c300000| Untracked 
| 196|0x000000008c400000, 0x000000008c400000, 0x000000008c500000|  0%| F|  |TAMS 0x000000008c400000| PB 0x000000008c400000| Untracked 
| 197|0x000000008c500000, 0x000000008c500000, 0x000000008c600000|  0%| F|  |TAMS 0x000000008c500000| PB 0x000000008c500000| Untracked 
| 198|0x000000008c600000, 0x000000008c600000, 0x000000008c700000|  0%| F|  |TAMS 0x000000008c600000| PB 0x000000008c600000| Untracked 
| 199|0x000000008c700000, 0x000000008c700000, 0x000000008c800000|  0%| F|  |TAMS 0x000000008c700000| PB 0x000000008c700000| Untracked 
| 200|0x000000008c800000, 0x000000008c800000, 0x000000008c900000|  0%| F|  |TAMS 0x000000008c800000| PB 0x000000008c800000| Untracked 
| 201|0x000000008c900000, 0x000000008c900000, 0x000000008ca00000|  0%| F|  |TAMS 0x000000008c900000| PB 0x000000008c900000| Untracked 
| 202|0x000000008ca00000, 0x000000008ca00000, 0x000000008cb00000|  0%| F|  |TAMS 0x000000008ca00000| PB 0x000000008ca00000| Untracked 
| 203|0x000000008cb00000, 0x000000008cb00000, 0x000000008cc00000|  0%| F|  |TAMS 0x000000008cb00000| PB 0x000000008cb00000| Untracked 
| 204|0x000000008cc00000, 0x000000008cc00000, 0x000000008cd00000|  0%| F|  |TAMS 0x000000008cc00000| PB 0x000000008cc00000| Untracked 
| 205|0x000000008cd00000, 0x000000008cd00000, 0x000000008ce00000|  0%| F|  |TAMS 0x000000008cd00000| PB 0x000000008cd00000| Untracked 
| 206|0x000000008ce00000, 0x000000008ce00000, 0x000000008cf00000|  0%| F|  |TAMS 0x000000008ce00000| PB 0x000000008ce00000| Untracked 
| 207|0x000000008cf00000, 0x000000008cf00000, 0x000000008d000000|  0%| F|  |TAMS 0x000000008cf00000| PB 0x000000008cf00000| Untracked 
| 208|0x000000008d000000, 0x000000008d000000, 0x000000008d100000|  0%| F|  |TAMS 0x000000008d000000| PB 0x000000008d000000| Untracked 
| 209|0x000000008d100000, 0x000000008d100000, 0x000000008d200000|  0%| F|  |TAMS 0x000000008d100000| PB 0x000000008d100000| Untracked 
| 210|0x000000008d200000, 0x000000008d200000, 0x000000008d300000|  0%| F|  |TAMS 0x000000008d200000| PB 0x000000008d200000| Untracked 
| 211|0x000000008d300000, 0x000000008d300000, 0x000000008d400000|  0%| F|  |TAMS 0x000000008d300000| PB 0x000000008d300000| Untracked 
| 212|0x000000008d400000, 0x000000008d400000, 0x000000008d500000|  0%| F|  |TAMS 0x000000008d400000| PB 0x000000008d400000| Untracked 
| 213|0x000000008d500000, 0x000000008d500000, 0x000000008d600000|  0%| F|  |TAMS 0x000000008d500000| PB 0x000000008d500000| Untracked 
| 214|0x000000008d600000, 0x000000008d600000, 0x000000008d700000|  0%| F|  |TAMS 0x000000008d600000| PB 0x000000008d600000| Untracked 
| 215|0x000000008d700000, 0x000000008d700000, 0x000000008d800000|  0%| F|  |TAMS 0x000000008d700000| PB 0x000000008d700000| Untracked 
| 216|0x000000008d800000, 0x000000008d800000, 0x000000008d900000|  0%| F|  |TAMS 0x000000008d800000| PB 0x000000008d800000| Untracked 
| 217|0x000000008d900000, 0x000000008d900000, 0x000000008da00000|  0%| F|  |TAMS 0x000000008d900000| PB 0x000000008d900000| Untracked 
| 218|0x000000008da00000, 0x000000008da00000, 0x000000008db00000|  0%| F|  |TAMS 0x000000008da00000| PB 0x000000008da00000| Untracked 
| 219|0x000000008db00000, 0x000000008db00000, 0x000000008dc00000|  0%| F|  |TAMS 0x000000008db00000| PB 0x000000008db00000| Untracked 
| 220|0x000000008dc00000, 0x000000008dc00000, 0x000000008dd00000|  0%| F|  |TAMS 0x000000008dc00000| PB 0x000000008dc00000| Untracked 
| 221|0x000000008dd00000, 0x000000008dd00000, 0x000000008de00000|  0%| F|  |TAMS 0x000000008dd00000| PB 0x000000008dd00000| Untracked 
| 222|0x000000008de00000, 0x000000008de00000, 0x000000008df00000|  0%| F|  |TAMS 0x000000008de00000| PB 0x000000008de00000| Untracked 
| 223|0x000000008df00000, 0x000000008df00000, 0x000000008e000000|  0%| F|  |TAMS 0x000000008df00000| PB 0x000000008df00000| Untracked 
| 224|0x000000008e000000, 0x000000008e000000, 0x000000008e100000|  0%| F|  |TAMS 0x000000008e000000| PB 0x000000008e000000| Untracked 
| 225|0x000000008e100000, 0x000000008e100000, 0x000000008e200000|  0%| F|  |TAMS 0x000000008e100000| PB 0x000000008e100000| Untracked 
| 226|0x000000008e200000, 0x000000008e200000, 0x000000008e300000|  0%| F|  |TAMS 0x000000008e200000| PB 0x000000008e200000| Untracked 
| 227|0x000000008e300000, 0x000000008e300000, 0x000000008e400000|  0%| F|  |TAMS 0x000000008e300000| PB 0x000000008e300000| Untracked 
| 228|0x000000008e400000, 0x000000008e400000, 0x000000008e500000|  0%| F|  |TAMS 0x000000008e400000| PB 0x000000008e400000| Untracked 
| 229|0x000000008e500000, 0x000000008e500000, 0x000000008e600000|  0%| F|  |TAMS 0x000000008e500000| PB 0x000000008e500000| Untracked 
| 230|0x000000008e600000, 0x000000008e600000, 0x000000008e700000|  0%| F|  |TAMS 0x000000008e600000| PB 0x000000008e600000| Untracked 
| 231|0x000000008e700000, 0x000000008e700000, 0x000000008e800000|  0%| F|  |TAMS 0x000000008e700000| PB 0x000000008e700000| Untracked 
| 232|0x000000008e800000, 0x000000008e800000, 0x000000008e900000|  0%| F|  |TAMS 0x000000008e800000| PB 0x000000008e800000| Untracked 
| 233|0x000000008e900000, 0x000000008e900000, 0x000000008ea00000|  0%| F|  |TAMS 0x000000008e900000| PB 0x000000008e900000| Untracked 
| 234|0x000000008ea00000, 0x000000008ea00000, 0x000000008eb00000|  0%| F|  |TAMS 0x000000008ea00000| PB 0x000000008ea00000| Untracked 
| 235|0x000000008eb00000, 0x000000008eb00000, 0x000000008ec00000|  0%| F|  |TAMS 0x000000008eb00000| PB 0x000000008eb00000| Untracked 
| 236|0x000000008ec00000, 0x000000008ec00000, 0x000000008ed00000|  0%| F|  |TAMS 0x000000008ec00000| PB 0x000000008ec00000| Untracked 
| 237|0x000000008ed00000, 0x000000008ed00000, 0x000000008ee00000|  0%| F|  |TAMS 0x000000008ed00000| PB 0x000000008ed00000| Untracked 
| 238|0x000000008ee00000, 0x000000008ee00000, 0x000000008ef00000|  0%| F|  |TAMS 0x000000008ee00000| PB 0x000000008ee00000| Untracked 
| 239|0x000000008ef00000, 0x000000008ef00000, 0x000000008f000000|  0%| F|  |TAMS 0x000000008ef00000| PB 0x000000008ef00000| Untracked 
| 240|0x000000008f000000, 0x000000008f000000, 0x000000008f100000|  0%| F|  |TAMS 0x000000008f000000| PB 0x000000008f000000| Untracked 
| 241|0x000000008f100000, 0x000000008f100000, 0x000000008f200000|  0%| F|  |TAMS 0x000000008f100000| PB 0x000000008f100000| Untracked 
| 242|0x000000008f200000, 0x000000008f200000, 0x000000008f300000|  0%| F|  |TAMS 0x000000008f200000| PB 0x000000008f200000| Untracked 
| 243|0x000000008f300000, 0x000000008f300000, 0x000000008f400000|  0%| F|  |TAMS 0x000000008f300000| PB 0x000000008f300000| Untracked 
| 244|0x000000008f400000, 0x000000008f400000, 0x000000008f500000|  0%| F|  |TAMS 0x000000008f400000| PB 0x000000008f400000| Untracked 
| 245|0x000000008f500000, 0x000000008f500000, 0x000000008f600000|  0%| F|  |TAMS 0x000000008f500000| PB 0x000000008f500000| Untracked 
| 246|0x000000008f600000, 0x000000008f600000, 0x000000008f700000|  0%| F|  |TAMS 0x000000008f600000| PB 0x000000008f600000| Untracked 
| 247|0x000000008f700000, 0x000000008f700000, 0x000000008f800000|  0%| F|  |TAMS 0x000000008f700000| PB 0x000000008f700000| Untracked 
| 248|0x000000008f800000, 0x000000008f800000, 0x000000008f900000|  0%| F|  |TAMS 0x000000008f800000| PB 0x000000008f800000| Untracked 
| 249|0x000000008f900000, 0x000000008f900000, 0x000000008fa00000|  0%| F|  |TAMS 0x000000008f900000| PB 0x000000008f900000| Untracked 
| 250|0x000000008fa00000, 0x000000008fa00000, 0x000000008fb00000|  0%| F|  |TAMS 0x000000008fa00000| PB 0x000000008fa00000| Untracked 
| 251|0x000000008fb00000, 0x000000008fb00000, 0x000000008fc00000|  0%| F|  |TAMS 0x000000008fb00000| PB 0x000000008fb00000| Untracked 
| 252|0x000000008fc00000, 0x000000008fc00000, 0x000000008fd00000|  0%| F|  |TAMS 0x000000008fc00000| PB 0x000000008fc00000| Untracked 
| 253|0x000000008fd00000, 0x000000008fd00000, 0x000000008fe00000|  0%| F|  |TAMS 0x000000008fd00000| PB 0x000000008fd00000| Untracked 
| 254|0x000000008fe00000, 0x000000008fe00000, 0x000000008ff00000|  0%| F|  |TAMS 0x000000008fe00000| PB 0x000000008fe00000| Untracked 
|2046|0x00000000ffe00000, 0x00000000ffe00000, 0x00000000fff00000|  0%| F|  |TAMS 0x00000000ffe00000| PB 0x00000000ffe00000| Untracked 
|2047|0x00000000fff00000, 0x00000000fff00000, 0x0000000100000000|  0%| F|  |TAMS 0x00000000fff00000| PB 0x00000000fff00000| Untracked 

Card table byte_map: [0x000001a7fc4e0000,0x000001a7fc8e0000] _byte_map_base: 0x000001a7fc0e0000

Marking Bits: (CMBitMap*) 0x000001a7f8fe23e0
 Bits: [0x000001a7fc8e0000, 0x000001a7fe8e0000)

Polling page: 0x000001a7f8730000

Metaspace:

Usage:
  Non-class:    116.94 MB used.
      Class:     18.51 MB used.
       Both:    135.44 MB used.

Virtual space:
  Non-class space:      128.00 MB reserved,     118.12 MB ( 92%) committed,  2 nodes.
      Class space:        1.00 GB reserved,      19.69 MB (  2%) committed,  1 nodes.
             Both:        1.12 GB reserved,     137.81 MB ( 12%) committed. 

Chunk freelists:
   Non-Class:  9.80 MB
       Class:  12.31 MB
        Both:  22.11 MB

MaxMetaspaceSize: unlimited
CompressedClassSpaceSize: 1.00 GB
Initial GC threshold: 21.00 MB
Current GC threshold: 220.00 MB
CDS: off
 - commit_granule_bytes: 65536.
 - commit_granule_words: 8192.
 - virtual_space_node_default_size: 8388608.
 - enlarge_chunks_in_place: 1.
 - use_allocation_guard: 0.


Internal statistics:

num_allocs_failed_limit: 15.
num_arena_births: 4680.
num_arena_deaths: 0.
num_vsnodes_births: 3.
num_vsnodes_deaths: 0.
num_space_committed: 2204.
num_space_uncommitted: 0.
num_chunks_returned_to_freelist: 15.
num_chunks_taken_from_freelist: 10548.
num_chunk_merges: 15.
num_chunk_splits: 6854.
num_chunks_enlarged: 4293.
num_inconsistent_stats: 0.

CodeHeap 'non-profiled nmethods': size=120000Kb used=10578Kb max_used=10699Kb free=109421Kb
 bounds [0x000001a787ad0000, 0x000001a788560000, 0x000001a78f000000]
CodeHeap 'profiled nmethods': size=120000Kb used=25194Kb max_used=25194Kb free=94806Kb
 bounds [0x000001a780000000, 0x000001a7818c0000, 0x000001a787530000]
CodeHeap 'non-nmethods': size=5760Kb used=2531Kb max_used=2560Kb free=3228Kb
 bounds [0x000001a787530000, 0x000001a7877d0000, 0x000001a787ad0000]
 total_blobs=14787 nmethods=13820 adapters=870
 compilation: enabled
              stopped_count=0, restarted_count=0
 full_count=0

Compilation events (20 events):
Event: 69.715 Thread 0x000001a7ff002f50 nmethod 16883 0x000001a78803c090 code [0x000001a78803c380, 0x000001a78803d300]
Event: 69.715 Thread 0x000001a7ff002f50 16885       4       java.lang.invoke.MethodHandleImpl::countNonNull (42 bytes)
Event: 69.720 Thread 0x000001a7ff002f50 nmethod 16885 0x000001a7880ee190 code [0x000001a7880ee320, 0x000001a7880ee458]
Event: 69.720 Thread 0x000001a7ff002f50 16886       4       org.gradle.internal.classloader.VisitableURLClassLoader$InstrumentingVisitableURLClassLoader::instrumentClass (10 bytes)
Event: 69.770 Thread 0x000001a7ff002f50 nmethod 16886 0x000001a788038110 code [0x000001a788038520, 0x000001a78803ad20]
Event: 69.771 Thread 0x000001a7ff002f50 16887       4       com.android.tools.build.apkzlib.zip.StoredEntry::<init> (364 bytes)
Event: 69.807 Thread 0x000001a7ff002f50 nmethod 16887 0x000001a788035790 code [0x000001a788035ac0, 0x000001a7880371d0]
Event: 69.844 Thread 0x000001a7ff002f50 16888       4       jdk.internal.org.objectweb.asm.MethodVisitor::visitLdcInsn (87 bytes)
Event: 69.848 Thread 0x000001a7ff002f50 nmethod 16888 0x000001a7880ed410 code [0x000001a7880ed620, 0x000001a7880edad0]
Event: 69.848 Thread 0x000001a7ff003b10 16889       3       com.android.tools.r8.internal.Gl0::a (11 bytes)
Event: 69.849 Thread 0x000001a7ff003b10 nmethod 16889 0x000001a7814ee410 code [0x000001a7814ee660, 0x000001a7814ef1a0]
Event: 69.849 Thread 0x000001a7ff003b10 16890       3       com.android.tools.r8.internal.Em0::c (4 bytes)
Event: 69.850 Thread 0x000001a7ff003b10 nmethod 16890 0x000001a7816aeb10 code [0x000001a7816aed40, 0x000001a7816af618]
Event: 69.884 Thread 0x000001a7ff003b10 16891       3       com.android.tools.r8.graph.y::b (8 bytes)
Event: 69.885 Thread 0x000001a7ff003b10 nmethod 16891 0x000001a78074e210 code [0x000001a78074e3c0, 0x000001a78074e5b8]
Event: 69.885 Thread 0x000001a7ff003b10 16892       3       java.util.Collections$SetFromMap::contains (11 bytes)
Event: 69.885 Thread 0x000001a7ff003b10 nmethod 16892 0x000001a78074db90 code [0x000001a78074dd40, 0x000001a78074df10]
Event: 69.892 Thread 0x000001a7ff003b10 16893       3       com.android.tools.r8.internal.a6::hasNext (11 bytes)
Event: 69.892 Thread 0x000001a7ff003b10 nmethod 16893 0x000001a780d2da10 code [0x000001a780d2dbc0, 0x000001a780d2dd30]
Event: 69.900 Thread 0x000001a7ff002f50 16894   !   4       java.util.WeakHashMap::expungeStaleEntries (139 bytes)

GC Heap History (20 events):
Event: 21.991 GC heap after
{Heap after GC invocations=52 (full 0):
 garbage-first heap   total 205824K, used 122512K [0x0000000080000000, 0x0000000100000000)
  region size 1024K, 7 young (7168K), 7 survivors (7168K)
 Metaspace       used 118781K, committed 121024K, reserved 1179648K
  class space    used 16235K, committed 17408K, reserved 1048576K
}
Event: 22.268 GC heap before
{Heap before GC invocations=52 (full 0):
 garbage-first heap   total 205824K, used 186000K [0x0000000080000000, 0x0000000100000000)
  region size 1024K, 70 young (71680K), 7 survivors (7168K)
 Metaspace       used 118857K, committed 121088K, reserved 1179648K
  class space    used 16244K, committed 17408K, reserved 1048576K
}
Event: 22.280 GC heap after
{Heap after GC invocations=53 (full 0):
 garbage-first heap   total 247808K, used 122723K [0x0000000080000000, 0x0000000100000000)
  region size 1024K, 7 young (7168K), 7 survivors (7168K)
 Metaspace       used 118857K, committed 121088K, reserved 1179648K
  class space    used 16244K, committed 17408K, reserved 1048576K
}
Event: 23.053 GC heap before
{Heap before GC invocations=53 (full 0):
 garbage-first heap   total 247808K, used 220003K [0x0000000080000000, 0x0000000100000000)
  region size 1024K, 103 young (105472K), 7 survivors (7168K)
 Metaspace       used 119155K, committed 121408K, reserved 1179648K
  class space    used 16273K, committed 17408K, reserved 1048576K
}
Event: 23.062 GC heap after
{Heap after GC invocations=54 (full 0):
 garbage-first heap   total 247808K, used 127020K [0x0000000080000000, 0x0000000100000000)
  region size 1024K, 11 young (11264K), 11 survivors (11264K)
 Metaspace       used 119155K, committed 121408K, reserved 1179648K
  class space    used 16273K, committed 17408K, reserved 1048576K
}
Event: 24.561 GC heap before
{Heap before GC invocations=55 (full 0):
 garbage-first heap   total 247808K, used 221228K [0x0000000080000000, 0x0000000100000000)
  region size 1024K, 104 young (106496K), 11 survivors (11264K)
 Metaspace       used 122714K, committed 124992K, reserved 1179648K
  class space    used 16728K, committed 17856K, reserved 1048576K
}
Event: 24.579 GC heap after
{Heap after GC invocations=56 (full 0):
 garbage-first heap   total 247808K, used 132346K [0x0000000080000000, 0x0000000100000000)
  region size 1024K, 12 young (12288K), 12 survivors (12288K)
 Metaspace       used 122714K, committed 124992K, reserved 1179648K
  class space    used 16728K, committed 17856K, reserved 1048576K
}
Event: 25.338 GC heap before
{Heap before GC invocations=56 (full 0):
 garbage-first heap   total 247808K, used 220410K [0x0000000080000000, 0x0000000100000000)
  region size 1024K, 99 young (101376K), 12 survivors (12288K)
 Metaspace       used 122941K, committed 125312K, reserved 1179648K
  class space    used 16774K, committed 17984K, reserved 1048576K
}
Event: 25.354 GC heap after
{Heap after GC invocations=57 (full 0):
 garbage-first heap   total 247808K, used 133757K [0x0000000080000000, 0x0000000100000000)
  region size 1024K, 5 young (5120K), 5 survivors (5120K)
 Metaspace       used 122941K, committed 125312K, reserved 1179648K
  class space    used 16774K, committed 17984K, reserved 1048576K
}
Event: 26.024 GC heap before
{Heap before GC invocations=57 (full 0):
 garbage-first heap   total 247808K, used 227965K [0x0000000080000000, 0x0000000100000000)
  region size 1024K, 98 young (100352K), 5 survivors (5120K)
 Metaspace       used 122984K, committed 125312K, reserved 1179648K
  class space    used 16778K, committed 17984K, reserved 1048576K
}
Event: 26.031 GC heap after
{Heap after GC invocations=58 (full 0):
 garbage-first heap   total 247808K, used 135672K [0x0000000080000000, 0x0000000100000000)
  region size 1024K, 7 young (7168K), 7 survivors (7168K)
 Metaspace       used 122984K, committed 125312K, reserved 1179648K
  class space    used 16778K, committed 17984K, reserved 1048576K
}
Event: 65.250 GC heap before
{Heap before GC invocations=59 (full 0):
 garbage-first heap   total 247808K, used 225784K [0x0000000080000000, 0x0000000100000000)
  region size 1024K, 96 young (98304K), 7 survivors (7168K)
 Metaspace       used 124159K, committed 126592K, reserved 1179648K
  class space    used 16964K, committed 18240K, reserved 1048576K
}
Event: 65.323 GC heap after
{Heap after GC invocations=60 (full 0):
 garbage-first heap   total 247808K, used 138553K [0x0000000080000000, 0x0000000100000000)
  region size 1024K, 8 young (8192K), 8 survivors (8192K)
 Metaspace       used 124159K, committed 126592K, reserved 1179648K
  class space    used 16964K, committed 18240K, reserved 1048576K
}
Event: 66.906 GC heap before
{Heap before GC invocations=60 (full 0):
 garbage-first heap   total 247808K, used 229689K [0x0000000080000000, 0x0000000100000000)
  region size 1024K, 93 young (95232K), 8 survivors (8192K)
 Metaspace       used 127761K, committed 130176K, reserved 1179648K
  class space    used 17335K, committed 18560K, reserved 1048576K
}
Event: 66.950 GC heap after
{Heap after GC invocations=61 (full 0):
 garbage-first heap   total 247808K, used 144002K [0x0000000080000000, 0x0000000100000000)
  region size 1024K, 11 young (11264K), 11 survivors (11264K)
 Metaspace       used 127761K, committed 130176K, reserved 1179648K
  class space    used 17335K, committed 18560K, reserved 1048576K
}
Event: 68.546 GC heap before
{Heap before GC invocations=61 (full 0):
 garbage-first heap   total 247808K, used 221826K [0x0000000080000000, 0x0000000100000000)
  region size 1024K, 88 young (90112K), 11 survivors (11264K)
 Metaspace       used 130771K, committed 133184K, reserved 1179648K
  class space    used 17759K, committed 19008K, reserved 1048576K
}
Event: 68.572 GC heap after
{Heap after GC invocations=62 (full 0):
 garbage-first heap   total 247808K, used 157197K [0x0000000080000000, 0x0000000100000000)
  region size 1024K, 11 young (11264K), 11 survivors (11264K)
 Metaspace       used 130771K, committed 133184K, reserved 1179648K
  class space    used 17759K, committed 19008K, reserved 1048576K
}
Event: 69.113 GC heap before
{Heap before GC invocations=63 (full 0):
 garbage-first heap   total 263168K, used 225805K [0x0000000080000000, 0x0000000100000000)
  region size 1024K, 74 young (75776K), 11 survivors (11264K)
 Metaspace       used 133569K, committed 136000K, reserved 1179648K
  class space    used 18193K, committed 19456K, reserved 1048576K
}
Event: 69.140 GC heap after
{Heap after GC invocations=64 (full 0):
 garbage-first heap   total 263168K, used 174050K [0x0000000080000000, 0x0000000100000000)
  region size 1024K, 10 young (10240K), 10 survivors (10240K)
 Metaspace       used 133569K, committed 136000K, reserved 1179648K
  class space    used 18193K, committed 19456K, reserved 1048576K
}
Event: 69.905 GC heap before
{Heap before GC invocations=64 (full 0):
 garbage-first heap   total 263168K, used 236514K [0x0000000080000000, 0x0000000100000000)
  region size 1024K, 72 young (73728K), 10 survivors (10240K)
 Metaspace       used 138694K, committed 141120K, reserved 1179648K
  class space    used 18949K, committed 20160K, reserved 1048576K
}

Dll operation events (3 events):
Event: 0.016 Loaded shared library C:\Program Files\Android\Android Studio\jbr\bin\java.dll
Event: 0.027 Loaded shared library C:\Program Files\Android\Android Studio\jbr\bin\zip.dll
Event: 0.503 Loaded shared library C:\Program Files\Android\Android Studio\jbr\bin\verify.dll

Deoptimization events (20 events):
Event: 69.620 Thread 0x000001a79ab2fae0 DEOPT PACKING pc=0x000001a7809535d5 sp=0x0000000fa29fc300
Event: 69.620 Thread 0x000001a79ab2fae0 DEOPT UNPACKING pc=0x000001a7875888e2 sp=0x0000000fa29fb790 mode 0
Event: 69.621 Thread 0x000001a79ab2e0a0 DEOPT PACKING pc=0x000001a7809535d5 sp=0x0000000fa8afbe20
Event: 69.621 Thread 0x000001a79ab2e0a0 DEOPT UNPACKING pc=0x000001a7875888e2 sp=0x0000000fa8afb2b0 mode 0
Event: 69.876 Thread 0x000001a79ab2fae0 Uncommon trap: trap_request=0xffffffc6 fr.pc=0x000001a7881974c8 relative=0x00000000000003a8
Event: 69.876 Thread 0x000001a79ab2e0a0 Uncommon trap: trap_request=0xffffffc6 fr.pc=0x000001a7881974c8 relative=0x00000000000003a8
Event: 69.876 Thread 0x000001a79ab2fae0 Uncommon trap: reason=bimorphic_or_optimized_type_check action=maybe_recompile pc=0x000001a7881974c8 method=java.util.Map.computeIfAbsent(Ljava/lang/Object;Ljava/util/function/Function;)Ljava/lang/Object; @ 7 c2
Event: 69.876 Thread 0x000001a79ab2e0a0 Uncommon trap: reason=bimorphic_or_optimized_type_check action=maybe_recompile pc=0x000001a7881974c8 method=java.util.Map.computeIfAbsent(Ljava/lang/Object;Ljava/util/function/Function;)Ljava/lang/Object; @ 7 c2
Event: 69.876 Thread 0x000001a79ab2fae0 DEOPT PACKING pc=0x000001a7881974c8 sp=0x0000000fa29fcee0
Event: 69.876 Thread 0x000001a79ab2e0a0 DEOPT PACKING pc=0x000001a7881974c8 sp=0x0000000fa8afcf70
Event: 69.876 Thread 0x000001a79ab2e0a0 DEOPT UNPACKING pc=0x000001a787587da2 sp=0x0000000fa8afcf28 mode 2
Event: 69.876 Thread 0x000001a79ab2fae0 DEOPT UNPACKING pc=0x000001a787587da2 sp=0x0000000fa29fce98 mode 2
Event: 69.881 Thread 0x000001a79ab2fae0 Uncommon trap: trap_request=0xffffffc6 fr.pc=0x000001a78847de98 relative=0x00000000000004f8
Event: 69.881 Thread 0x000001a79ab2e0a0 Uncommon trap: trap_request=0xffffffc6 fr.pc=0x000001a78847de98 relative=0x00000000000004f8
Event: 69.881 Thread 0x000001a79ab2fae0 Uncommon trap: reason=bimorphic_or_optimized_type_check action=maybe_recompile pc=0x000001a78847de98 method=java.util.Spliterators$IteratorSpliterator.tryAdvance(Ljava/util/function/Consumer;)Z @ 68 c2
Event: 69.881 Thread 0x000001a79ab2e0a0 Uncommon trap: reason=bimorphic_or_optimized_type_check action=maybe_recompile pc=0x000001a78847de98 method=java.util.Spliterators$IteratorSpliterator.tryAdvance(Ljava/util/function/Consumer;)Z @ 68 c2
Event: 69.881 Thread 0x000001a79ab2fae0 DEOPT PACKING pc=0x000001a78847de98 sp=0x0000000fa29fcd00
Event: 69.881 Thread 0x000001a79ab2e0a0 DEOPT PACKING pc=0x000001a78847de98 sp=0x0000000fa8afcd90
Event: 69.881 Thread 0x000001a79ab2fae0 DEOPT UNPACKING pc=0x000001a787587da2 sp=0x0000000fa29fccb8 mode 2
Event: 69.881 Thread 0x000001a79ab2e0a0 DEOPT UNPACKING pc=0x000001a787587da2 sp=0x0000000fa8afcd48 mode 2

Classes loaded (20 events):
Event: 68.020 Loading class java/util/concurrent/RejectedExecutionException
Event: 68.021 Loading class java/util/concurrent/RejectedExecutionException done
Event: 68.671 Loading class java/util/concurrent/ConcurrentLinkedQueue$Itr
Event: 68.676 Loading class java/util/concurrent/ConcurrentLinkedQueue$Itr done
Event: 69.853 Loading class java/util/IdentityHashMap$EntrySet
Event: 69.853 Loading class java/util/IdentityHashMap$EntrySet done
Event: 69.853 Loading class java/util/IdentityHashMap$EntrySpliterator
Event: 69.854 Loading class java/util/IdentityHashMap$IdentityHashMapSpliterator
Event: 69.854 Loading class java/util/IdentityHashMap$IdentityHashMapSpliterator done
Event: 69.854 Loading class java/util/IdentityHashMap$EntrySpliterator done
Event: 69.876 Loading class java/util/SortedSet$1
Event: 69.877 Loading class java/util/SortedSet$1 done
Event: 69.877 Loading class java/util/stream/SliceOps
Event: 69.878 Loading class java/util/stream/SliceOps done
Event: 69.878 Loading class java/util/stream/SliceOps$1
Event: 69.879 Loading class java/util/stream/SliceOps$1 done
Event: 69.879 Loading class java/util/stream/SliceOps$1$1
Event: 69.879 Loading class java/util/stream/SliceOps$1$1 done
Event: 69.895 Loading class java/util/PriorityQueue
Event: 69.896 Loading class java/util/PriorityQueue done

Classes unloaded (0 events):
No events

Classes redefined (0 events):
No events

Internal exceptions (20 events):
Event: 64.343 Thread 0x000001a79a90f6a0 Exception <a 'sun/nio/fs/WindowsException'{0x000000008a3042f8}> (0x000000008a3042f8) 
thrown [s\src\hotspot\share\prims\jni.cpp, line 535]
Event: 64.346 Thread 0x000001a79a90f6a0 Exception <a 'sun/nio/fs/WindowsException'{0x000000008a306358}> (0x000000008a306358) 
thrown [s\src\hotspot\share\prims\jni.cpp, line 535]
Event: 64.347 Thread 0x000001a79a90f6a0 Exception <a 'sun/nio/fs/WindowsException'{0x000000008a3081a0}> (0x000000008a3081a0) 
thrown [s\src\hotspot\share\prims\jni.cpp, line 535]
Event: 65.972 Thread 0x000001a79a90f010 Exception <a 'java/lang/NoSuchMethodError'{0x000000008cbca0c8}: static Lcom/android/build/gradle/internal/tasks/MergeJavaResWorkAction$SourcedInput;.<clinit>()V> (0x000000008cbca0c8) 
thrown [s\src\hotspot\share\prims\jni.cpp, line 1139]
Event: 66.252 Thread 0x000001a79a90f6a0 Implicit null exception at 0x000001a787cafc6a to 0x000001a787cb07d4
Event: 66.412 Thread 0x000001a79a90f6a0 Exception <a 'java/lang/NoSuchMethodError'{0x000000008b9f4fe0}: static Lcom/android/build/gradle/internal/tasks/DexArchiveBuilderTaskDelegate$ClasspathServiceKey;.<clinit>()V> (0x000000008b9f4fe0) 
thrown [s\src\hotspot\share\prims\jni.cpp, line 1139]
Event: 68.379 Thread 0x000001a79ab2e0a0 Exception <a 'java/lang/NoSuchMethodError'{0x000000008b77c5c8}: 'java.lang.Object java.lang.invoke.DirectMethodHandle$Holder.invokeStaticInit(java.lang.Object, java.lang.Object, java.lang.Object, java.lang.Object, java.lang.Object, java.lang.Object, java.lang.Object, java.lang.Object, java.lang.Object, java.lang.Object, java.lang.Object, java.lang.Object, java.lang.Object, java.lang.Object, java.lang.Object, java.lang.Object, java.lang.Object, java.lang.Object, java.lang.Object, java.lang.Object, int, java
Event: 68.454 Thread 0x000001a79ab2fae0 Exception <a 'java/lang/IncompatibleClassChangeError'{0x000000008b255848}: Found class java.lang.Object, but interface was expected> (0x000000008b255848) 
thrown [s\src\hotspot\share\interpreter\linkResolver.cpp, line 851]
Event: 68.454 Thread 0x000001a79ab2e0a0 Exception <a 'java/lang/IncompatibleClassChangeError'{0x000000008b2fc4e0}: Found class java.lang.Object, but interface was expected> (0x000000008b2fc4e0) 
thrown [s\src\hotspot\share\interpreter\linkResolver.cpp, line 851]
Event: 68.920 Thread 0x000001a79ab2fae0 Exception <a 'java/lang/IncompatibleClassChangeError'{0x000000008cb0efe8}: Found class java.lang.Object, but interface was expected> (0x000000008cb0efe8) 
thrown [s\src\hotspot\share\interpreter\linkResolver.cpp, line 851]
Event: 68.920 Thread 0x000001a79ab2e0a0 Exception <a 'java/lang/IncompatibleClassChangeError'{0x000000008cb24d10}: Found class java.lang.Object, but interface was expected> (0x000000008cb24d10) 
thrown [s\src\hotspot\share\interpreter\linkResolver.cpp, line 851]
Event: 68.921 Thread 0x000001a79ab2e0a0 Exception <a 'java/lang/NoSuchMethodError'{0x000000008cb2c628}: 'void java.lang.invoke.DirectMethodHandle$Holder.invokeInterface(java.lang.Object, java.lang.Object, java.lang.Object, int)'> (0x000000008cb2c628) 
thrown [s\src\hotspot\share\interpreter\linkResolver.cpp, line 784]
Event: 68.921 Thread 0x000001a79ab2fae0 Exception <a 'java/lang/NoSuchMethodError'{0x000000008cb12670}: 'void java.lang.invoke.DirectMethodHandle$Holder.invokeInterface(java.lang.Object, java.lang.Object, java.lang.Object, int)'> (0x000000008cb12670) 
thrown [s\src\hotspot\share\interpreter\linkResolver.cpp, line 784]
Event: 69.306 Thread 0x000001a79ab2fae0 Exception <a 'java/lang/NoSuchMethodError'{0x000000008eefba88}: 'java.lang.Object java.lang.invoke.DirectMethodHandle$Holder.invokeStatic(java.lang.Object, int, java.lang.Object, java.lang.Object)'> (0x000000008eefba88) 
thrown [s\src\hotspot\share\interpreter\linkResolver.cpp, line 784]
Event: 69.307 Thread 0x000001a79ab2e0a0 Exception <a 'java/lang/NoSuchMethodError'{0x000000008eedf978}: 'java.lang.Object java.lang.invoke.DirectMethodHandle$Holder.invokeStatic(java.lang.Object, int, java.lang.Object, java.lang.Object)'> (0x000000008eedf978) 
thrown [s\src\hotspot\share\interpreter\linkResolver.cpp, line 784]
Event: 69.308 Thread 0x000001a79ab2e0a0 Exception <a 'java/lang/NoSuchMethodError'{0x000000008ed2ac20}: 'java.lang.Object java.lang.invoke.DirectMethodHandle$Holder.invokeStatic(java.lang.Object, java.lang.Object, int, java.lang.Object, java.lang.Object)'> (0x000000008ed2ac20) 
thrown [s\src\hotspot\share\interpreter\linkResolver.cpp, line 784]
Event: 69.710 Thread 0x000001a79ab2fae0 Exception <a 'java/lang/IncompatibleClassChangeError'{0x000000008d3fc820}: Found class java.lang.Object, but interface was expected> (0x000000008d3fc820) 
thrown [s\src\hotspot\share\interpreter\linkResolver.cpp, line 851]
Event: 69.711 Thread 0x000001a79ab2fae0 Exception <a 'java/lang/IncompatibleClassChangeError'{0x000000008d200ac8}: Found class java.lang.Object, but interface was expected> (0x000000008d200ac8) 
thrown [s\src\hotspot\share\interpreter\linkResolver.cpp, line 851]
Event: 69.711 Thread 0x000001a79ab2e0a0 Exception <a 'java/lang/IncompatibleClassChangeError'{0x000000008d3d3e08}: Found class java.lang.Object, but interface was expected> (0x000000008d3d3e08) 
thrown [s\src\hotspot\share\interpreter\linkResolver.cpp, line 851]
Event: 69.811 Thread 0x000001a79ab2fae0 Exception <a 'java/lang/NoSuchMethodError'{0x000000008cb78ce8}: 'void java.lang.invoke.DirectMethodHandle$Holder.invokeSpecial(java.lang.Object, java.lang.Object, int, java.lang.Object)'> (0x000000008cb78ce8) 
thrown [s\src\hotspot\share\interpreter\linkResolver.cpp, line 784]

ZGC Phase Switch (0 events):
No events

VM Operations (20 events):
Event: 68.149 Executing VM operation: Cleanup done
Event: 68.405 Executing VM operation: HandshakeAllThreads (Deoptimize)
Event: 68.406 Executing VM operation: HandshakeAllThreads (Deoptimize) done
Event: 68.546 Executing VM operation: G1CollectForAllocation (G1 Evacuation Pause)
Event: 68.572 Executing VM operation: G1CollectForAllocation (G1 Evacuation Pause) done
Event: 68.943 Executing VM operation: G1PauseRemark
Event: 68.982 Executing VM operation: G1PauseRemark done
Event: 69.033 Executing VM operation: HandshakeAllThreads (Deoptimize)
Event: 69.033 Executing VM operation: HandshakeAllThreads (Deoptimize) done
Event: 69.036 Executing VM operation: HandshakeAllThreads (Deoptimize)
Event: 69.036 Executing VM operation: HandshakeAllThreads (Deoptimize) done
Event: 69.082 Executing VM operation: G1PauseCleanup
Event: 69.083 Executing VM operation: G1PauseCleanup done
Event: 69.112 Executing VM operation: G1CollectForAllocation (G1 Evacuation Pause)
Event: 69.140 Executing VM operation: G1CollectForAllocation (G1 Evacuation Pause) done
Event: 69.424 Executing VM operation: HandshakeAllThreads (Deoptimize)
Event: 69.425 Executing VM operation: HandshakeAllThreads (Deoptimize) done
Event: 69.747 Executing VM operation: HandshakeAllThreads (Deoptimize)
Event: 69.748 Executing VM operation: HandshakeAllThreads (Deoptimize) done
Event: 69.905 Executing VM operation: G1CollectForAllocation (G1 Evacuation Pause)

Memory protections (0 events):
No events

Nmethod flushes (20 events):
Event: 68.981 Thread 0x000001a7feade9a0 flushing  nmethod 0x000001a780bfeb90
Event: 68.981 Thread 0x000001a7feade9a0 flushing  nmethod 0x000001a780bff490
Event: 68.981 Thread 0x000001a7feade9a0 flushing  nmethod 0x000001a780d24d90
Event: 68.981 Thread 0x000001a7feade9a0 flushing  nmethod 0x000001a780d26a90
Event: 68.981 Thread 0x000001a7feade9a0 flushing  nmethod 0x000001a780d2cf10
Event: 68.981 Thread 0x000001a7feade9a0 flushing  nmethod 0x000001a780dc5f90
Event: 68.981 Thread 0x000001a7feade9a0 flushing  nmethod 0x000001a780e0bb10
Event: 68.981 Thread 0x000001a7feade9a0 flushing  nmethod 0x000001a780e35510
Event: 68.981 Thread 0x000001a7feade9a0 flushing  nmethod 0x000001a780e38a10
Event: 68.981 Thread 0x000001a7feade9a0 flushing  nmethod 0x000001a780e44390
Event: 68.981 Thread 0x000001a7feade9a0 flushing  nmethod 0x000001a781264e90
Event: 68.981 Thread 0x000001a7feade9a0 flushing  nmethod 0x000001a7812a5d10
Event: 68.981 Thread 0x000001a7feade9a0 flushing  nmethod 0x000001a781375210
Event: 68.981 Thread 0x000001a7feade9a0 flushing  nmethod 0x000001a781390a10
Event: 68.981 Thread 0x000001a7feade9a0 flushing  nmethod 0x000001a781396b90
Event: 68.981 Thread 0x000001a7feade9a0 flushing  nmethod 0x000001a7813b5b10
Event: 68.981 Thread 0x000001a7feade9a0 flushing  nmethod 0x000001a781543b90
Event: 68.981 Thread 0x000001a7feade9a0 flushing  nmethod 0x000001a78156a810
Event: 68.981 Thread 0x000001a7feade9a0 flushing  nmethod 0x000001a781599010
Event: 68.981 Thread 0x000001a7feade9a0 flushing  nmethod 0x000001a7815ff090

Events (20 events):
Event: 26.659 Thread 0x000001a79ab2edc0 Thread exited: 0x000001a79ab2edc0
Event: 26.766 Thread 0x000001a79ab30170 Thread added: 0x000001a79acbb3c0
Event: 26.772 Thread 0x000001a79ab30170 Thread added: 0x000001a79a9110e0
Event: 26.773 Loaded shared library C:\Program Files\Android\Android Studio\jbr\bin\rmi.dll
Event: 26.774 Thread 0x000001a79ab30170 Thread added: 0x000001a79a90fd30
Event: 26.838 Thread 0x000001a79ab30170 Thread added: 0x000001a79a911770
Event: 26.838 Thread 0x000001a79ab30170 Thread added: 0x000001a79a912b20
Event: 26.907 Thread 0x000001a79a911770 Thread added: 0x000001a79a9131b0
Event: 27.427 Thread 0x000001a798f463c0 Thread exited: 0x000001a798f463c0
Event: 65.361 Thread 0x000001a79a9110e0 Thread exited: 0x000001a79a9110e0
Event: 65.980 Thread 0x000001a79a90f010 Thread added: 0x000001a79ab2fae0
Event: 66.024 Thread 0x000001a7ff002f50 Thread added: 0x000001a7967e3b70
Event: 66.416 Thread 0x000001a79a90f6a0 Thread added: 0x000001a79ab2e0a0
Event: 66.422 Thread 0x000001a79a90f6a0 Thread added: 0x000001a79ab2e730
Event: 66.474 Thread 0x000001a79a90f6a0 Thread added: 0x000001a79ab30800
Event: 67.268 Thread 0x000001a7967e3b70 Thread exited: 0x000001a7967e3b70
Event: 68.063 Thread 0x000001a7ff003b10 Thread added: 0x000001a7967e3b70
Event: 68.649 Thread 0x000001a79ab2e730 Thread exited: 0x000001a79ab2e730
Event: 69.002 Thread 0x000001a7967e3b70 Thread exited: 0x000001a7967e3b70
Event: 69.156 Thread 0x000001a7ff003b10 Thread added: 0x000001a7967e3b70


Dynamic libraries:
0x00007ff6faac0000 - 0x00007ff6faaca000 	C:\Program Files\Android\Android Studio\jbr\bin\java.exe
0x00007fffa92a0000 - 0x00007fffa9508000 	C:\WINDOWS\SYSTEM32\ntdll.dll
0x00007fffa8600000 - 0x00007fffa86c9000 	C:\WINDOWS\System32\KERNEL32.DLL
0x00007fffa6890000 - 0x00007fffa6c82000 	C:\WINDOWS\System32\KERNELBASE.dll
0x00007fffa6c90000 - 0x00007fffa6ddb000 	C:\WINDOWS\System32\ucrtbase.dll
0x00007fff85e30000 - 0x00007fff85e4b000 	C:\Program Files\Android\Android Studio\jbr\bin\VCRUNTIME140.dll
0x00007fffa2f10000 - 0x00007fffa2f28000 	C:\Program Files\Android\Android Studio\jbr\bin\jli.dll
0x00007fffa8900000 - 0x00007fffa8ac5000 	C:\WINDOWS\System32\USER32.dll
0x00007fff87220000 - 0x00007fff874b3000 	C:\WINDOWS\WinSxS\amd64_microsoft.windows.common-controls_6595b64144ccf1df_6.0.26100.6899_none_3e0efeeae32e88c1\COMCTL32.dll
0x00007fffa67d0000 - 0x00007fffa67f7000 	C:\WINDOWS\System32\win32u.dll
0x00007fffa91b0000 - 0x00007fffa9259000 	C:\WINDOWS\System32\msvcrt.dll
0x00007fffa7950000 - 0x00007fffa797b000 	C:\WINDOWS\System32\GDI32.dll
0x00007fffa6f40000 - 0x00007fffa706d000 	C:\WINDOWS\System32\gdi32full.dll
0x00007fffa6720000 - 0x00007fffa67c3000 	C:\WINDOWS\System32\msvcp_win.dll
0x00007fffa86e0000 - 0x00007fffa870f000 	C:\WINDOWS\System32\IMM32.DLL
0x00007fff8d1c0000 - 0x00007fff8d1cc000 	C:\Program Files\Android\Android Studio\jbr\bin\vcruntime140_1.dll
0x00007fff78330000 - 0x00007fff783bd000 	C:\Program Files\Android\Android Studio\jbr\bin\msvcp140.dll
0x00007fff04e00000 - 0x00007fff05a8b000 	C:\Program Files\Android\Android Studio\jbr\bin\server\jvm.dll
0x00007fffa7530000 - 0x00007fffa75e4000 	C:\WINDOWS\System32\ADVAPI32.dll
0x00007fffa8550000 - 0x00007fffa85f6000 	C:\WINDOWS\System32\sechost.dll
0x00007fffa8720000 - 0x00007fffa8838000 	C:\WINDOWS\System32\RPCRT4.dll
0x00007fffa84d0000 - 0x00007fffa8544000 	C:\WINDOWS\System32\WS2_32.dll
0x00007fffa6290000 - 0x00007fffa62ee000 	C:\WINDOWS\SYSTEM32\POWRPROF.dll
0x00007fff93df0000 - 0x00007fff93dfb000 	C:\WINDOWS\SYSTEM32\VERSION.dll
0x00007fff9e3c0000 - 0x00007fff9e3f5000 	C:\WINDOWS\SYSTEM32\WINMM.dll
0x00007fffa6270000 - 0x00007fffa6284000 	C:\WINDOWS\SYSTEM32\UMPDC.dll
0x00007fffa5200000 - 0x00007fffa521b000 	C:\WINDOWS\SYSTEM32\kernel.appcore.dll
0x00007fff8ba10000 - 0x00007fff8ba1a000 	C:\Program Files\Android\Android Studio\jbr\bin\jimage.dll
0x00007fffa3a90000 - 0x00007fffa3cd2000 	C:\WINDOWS\SYSTEM32\DBGHELP.DLL
0x00007fffa8150000 - 0x00007fffa84cb000 	C:\WINDOWS\System32\combase.dll
0x00007fffa90d0000 - 0x00007fffa91a7000 	C:\WINDOWS\System32\OLEAUT32.dll
0x00007fff86380000 - 0x00007fff863bc000 	C:\WINDOWS\SYSTEM32\dbgcore.DLL
0x00007fffa6de0000 - 0x00007fffa6e78000 	C:\WINDOWS\System32\bcryptPrimitives.dll
0x00007fff8b920000 - 0x00007fff8b92e000 	C:\Program Files\Android\Android Studio\jbr\bin\instrument.dll
0x00007fff6d6d0000 - 0x00007fff6d6f0000 	C:\Program Files\Android\Android Studio\jbr\bin\java.dll
0x00007fff6b760000 - 0x00007fff6b778000 	C:\Program Files\Android\Android Studio\jbr\bin\zip.dll
0x00007fffa7980000 - 0x00007fffa80cd000 	C:\WINDOWS\System32\SHELL32.dll
0x00007fffa6430000 - 0x00007fffa659b000 	C:\WINDOWS\System32\wintypes.dll
0x00007fffa4060000 - 0x00007fffa48bd000 	C:\WINDOWS\SYSTEM32\windows.storage.dll
0x00007fffa73b0000 - 0x00007fffa74a2000 	C:\WINDOWS\System32\SHCORE.dll
0x00007fffa71a0000 - 0x00007fffa7202000 	C:\WINDOWS\System32\shlwapi.dll
0x00007fffa6350000 - 0x00007fffa6379000 	C:\WINDOWS\SYSTEM32\profapi.dll
0x00007fff8b9f0000 - 0x00007fff8ba00000 	C:\Program Files\Android\Android Studio\jbr\bin\net.dll
0x00007fff98e40000 - 0x00007fff98f5f000 	C:\WINDOWS\SYSTEM32\WINHTTP.dll
0x00007fffa5770000 - 0x00007fffa57db000 	C:\WINDOWS\system32\mswsock.dll
0x00007fff69400000 - 0x00007fff69416000 	C:\Program Files\Android\Android Studio\jbr\bin\nio.dll
0x00007fff8ba30000 - 0x00007fff8ba40000 	C:\Program Files\Android\Android Studio\jbr\bin\verify.dll
0x00007fff8b930000 - 0x00007fff8b957000 	C:\Users\Anastasija\.gradle\native\1def1411415f61bf3af743bc5b6707747c0891f09f0c88961ee8f79bc544acac\windows-amd64\native-platform.dll
0x00007fff782b0000 - 0x00007fff78328000 	C:\Users\Anastasija\.gradle\native\0.2.7\x86_64-windows-gnu\gradle-fileevents.dll
0x00007fff89540000 - 0x00007fff89549000 	C:\Program Files\Android\Android Studio\jbr\bin\management.dll
0x00007fff89500000 - 0x00007fff8950b000 	C:\Program Files\Android\Android Studio\jbr\bin\management_ext.dll
0x00007fffa7090000 - 0x00007fffa7098000 	C:\WINDOWS\System32\PSAPI.DLL
0x00007fffa4c90000 - 0x00007fffa4cc4000 	C:\WINDOWS\SYSTEM32\IPHLPAPI.DLL
0x00007fffa86d0000 - 0x00007fffa86da000 	C:\WINDOWS\System32\NSI.dll
0x00007fff89550000 - 0x00007fff89559000 	C:\Program Files\Android\Android Studio\jbr\bin\extnet.dll
0x00007fffa5a30000 - 0x00007fffa5a4b000 	C:\WINDOWS\SYSTEM32\CRYPTSP.dll
0x00007fffa5160000 - 0x00007fffa519b000 	C:\WINDOWS\system32\rsaenh.dll
0x00007fffa5810000 - 0x00007fffa583b000 	C:\WINDOWS\SYSTEM32\USERENV.dll
0x00007fffa6320000 - 0x00007fffa6346000 	C:\WINDOWS\SYSTEM32\bcrypt.dll
0x00007fffa5a20000 - 0x00007fffa5a2c000 	C:\WINDOWS\SYSTEM32\CRYPTBASE.dll
0x00007fff94980000 - 0x00007fff94988000 	C:\WINDOWS\system32\wshunix.dll
0x00007fffa4cd0000 - 0x00007fffa4df6000 	C:\WINDOWS\SYSTEM32\DNSAPI.dll
0x00007fff98c70000 - 0x00007fff98c7b000 	C:\Windows\System32\rasadhlp.dll
0x00007fff99650000 - 0x00007fff996d6000 	C:\WINDOWS\System32\fwpuclnt.dll
0x00007fff94920000 - 0x00007fff94938000 	C:\WINDOWS\system32\napinsp.dll
0x00007fff94940000 - 0x00007fff94952000 	C:\WINDOWS\System32\winrnr.dll
0x00007fff6cd60000 - 0x00007fff6cd88000 	C:\WINDOWS\system32\nlansp_c.dll
0x00007fff78cd0000 - 0x00007fff78ce6000 	C:\WINDOWS\system32\wshbth.dll
0x00007fff8b910000 - 0x00007fff8b917000 	C:\Program Files\Android\Android Studio\jbr\bin\rmi.dll

dbghelp: loaded successfully - version: 4.0.5 - missing functions: none
symbol engine: initialized successfully - sym options: 0x614 - pdb path: .;C:\Program Files\Android\Android Studio\jbr\bin;C:\WINDOWS\SYSTEM32;C:\WINDOWS\WinSxS\amd64_microsoft.windows.common-controls_6595b64144ccf1df_6.0.26100.6899_none_3e0efeeae32e88c1;C:\Program Files\Android\Android Studio\jbr\bin\server;C:\Users\Anastasija\.gradle\native\1def1411415f61bf3af743bc5b6707747c0891f09f0c88961ee8f79bc544acac\windows-amd64;C:\Users\Anastasija\.gradle\native\0.2.7\x86_64-windows-gnu

VM Arguments:
jvm_args: --add-opens=java.base/java.lang=ALL-UNNAMED --add-opens=java.base/java.lang.invoke=ALL-UNNAMED --add-opens=java.base/java.util=ALL-UNNAMED --add-opens=java.prefs/java.util.prefs=ALL-UNNAMED --add-exports=jdk.compiler/com.sun.tools.javac.api=ALL-UNNAMED --add-exports=jdk.compiler/com.sun.tools.javac.util=ALL-UNNAMED --add-opens=java.base/java.util=ALL-UNNAMED --add-opens=java.prefs/java.util.prefs=ALL-UNNAMED --add-opens=java.base/java.nio.charset=ALL-UNNAMED --add-opens=java.base/java.net=ALL-UNNAMED --add-opens=java.base/java.util.concurrent.atomic=ALL-UNNAMED --add-opens=java.xml/javax.xml.namespace=ALL-UNNAMED -Xmx2048m -Dfile.encoding=UTF-8 -Duser.country=US -Duser.language=en -Duser.variant -javaagent:C:\Users\Anastasija\.gradle\wrapper\dists\gradle-8.13-bin\5xuhj0ry160q40clulazy9h7d\gradle-8.13\lib\agents\gradle-instrumentation-agent-8.13.jar 
java_command: org.gradle.launcher.daemon.bootstrap.GradleDaemon 8.13
java_class_path (initial): C:\Users\Anastasija\.gradle\wrapper\dists\gradle-8.13-bin\5xuhj0ry160q40clulazy9h7d\gradle-8.13\lib\gradle-daemon-main-8.13.jar
Launcher Type: SUN_STANDARD

[Global flags]
     intx CICompilerCount                          = 3                                         {product} {ergonomic}
     uint ConcGCThreads                            = 1                                         {product} {ergonomic}
     uint G1ConcRefinementThreads                  = 4                                         {product} {ergonomic}
   size_t G1HeapRegionSize                         = 1048576                                   {product} {ergonomic}
    uintx GCDrainStackTargetSize                   = 64                                        {product} {ergonomic}
   size_t InitialHeapSize                          = 130023424                                 {product} {ergonomic}
   size_t MarkStackSize                            = 4194304                                   {product} {ergonomic}
   size_t MaxHeapSize                              = 2147483648                                {product} {command line}
   size_t MaxNewSize                               = 1287651328                                {product} {ergonomic}
   size_t MinHeapDeltaBytes                        = 1048576                                   {product} {ergonomic}
   size_t MinHeapSize                              = 8388608                                   {product} {ergonomic}
    uintx NonNMethodCodeHeapSize                   = 5832780                                {pd product} {ergonomic}
    uintx NonProfiledCodeHeapSize                  = 122912730                              {pd product} {ergonomic}
    uintx ProfiledCodeHeapSize                     = 122912730                              {pd product} {ergonomic}
    uintx ReservedCodeCacheSize                    = 251658240                              {pd product} {ergonomic}
     bool SegmentedCodeCache                       = true                                      {product} {ergonomic}
   size_t SoftMaxHeapSize                          = 2147483648                             {manageable} {ergonomic}
     bool UseCompressedOops                        = true                           {product lp64_product} {ergonomic}
     bool UseG1GC                                  = true                                      {product} {ergonomic}
     bool UseLargePagesIndividualAllocation        = false                                  {pd product} {ergonomic}

Logging:
Log output configuration:
 #0: stdout all=warning uptime,level,tags foldmultilines=false
 #1: stderr all=off uptime,level,tags foldmultilines=false

Environment Variables:
JAVA_HOME=C:\Program Files\Eclipse Adoptium\jdk-17.0.16.8-hotspot
PATH=C:\Program Files\Eclipse Adoptium\jdk-17.0.16.8-hotspot\bin;C:\Program Files\Microsoft MPI\Bin\;C:\Program Files (x86)\Common Files\Oracle\Java\java8path;C:\Program Files (x86)\Common Files\Oracle\Java\javapath;C:\WINDOWS\system32;C:\WINDOWS;C:\WINDOWS\System32\Wbem;C:\WINDOWS\System32\WindowsPowerShell\v1.0\;C:\WINDOWS\System32\OpenSSH\;C:\Program Files\dotnet\;C:\Program Files\Microsoft SQL Server\Client SDK\ODBC\170\Tools\Binn\;C:\Program Files\Microsoft SQL Server\160\Tools\Binn\;C:\Program Files\Microsoft SQL Server\150\Tools\Binn\;C:\Program Files (x86)\Windows Kits\10\Windows Performance Toolkit\;C:\Program Files\CMake\bin;C:\Program Files\Git\cmd;C:\Program Files\Docker\Docker\resources\bin;C:\Program Files\nodejs\;C:\Users\Anastasija\AppData\Local\Microsoft\WindowsApps;C:\Users\Anastasija\.dotnet\tools;C:\MinGW\bin;C:\Program Files\Eclipse Adoptium\jdk-17.0.16.8-hotspot\bin;;C:\Users\Anastasija\AppData\Local\Programs\VS Code\bin;C:\Users\Anastasija\AppData\Local\Programs\Azure Data Studio\bin;C:\Users\Anastasija\AppData\Roaming\npm
USERNAME=Anastasija
OS=Windows_NT
PROCESSOR_IDENTIFIER=Intel64 Family 6 Model 140 Stepping 1, GenuineIntel
TMP=C:\Users\ANASTA~1\AppData\Local\Temp
TEMP=C:\Users\ANASTA~1\AppData\Local\Temp




Periodic native trim disabled

JNI global refs:
JNI global refs: 27, weak refs: 0

JNI global refs memory usage: 835, weak refs: 833

Process memory usage:
Resident Set Size: 461476K (5% of 8022668K total physical memory with 594768K free physical memory)

OOME stack traces (most recent first):
Classloader memory used:
Loader org.gradle.internal.classloader.VisitableURLClassLoader                         : 46030K
Loader org.gradle.internal.classloader.VisitableURLClassLoader$InstrumentingVisitableURLClassLoader: 44574K
Loader bootstrap                                                                       : 34115K
Loader org.gradle.initialization.MixInLegacyTypesClassLoader                           : 12043K
Loader jdk.internal.loader.ClassLoaders$PlatformClassLoader                            : 794K
Loader jdk.internal.reflect.DelegatingClassLoader                                      : 630K
Loader org.gradle.internal.classloader.VisitableURLClassLoader                         : 269K
Loader jdk.internal.loader.ClassLoaders$AppClassLoader                                 : 236K

Classes loaded by more than one classloader:
Class Program                                                                         : loaded 5 times (x 68B)
Class Build_gradle                                                                    : loaded 3 times (x 126B)
Class Build_gradle$1                                                                  : loaded 3 times (x 70B)
Class org.gradle.internal.classloader.FilteringClassLoader                            : loaded 2 times (x 101B)
Class com.google.common.base.CharMatcher$IsEither                                     : loaded 2 times (x 107B)
Class org.gradle.internal.classloader.ClassLoaderHierarchy                            : loaded 2 times (x 66B)
Class com.google.common.collect.ImmutableEnumSet                                      : loaded 2 times (x 142B)
Class com.google.common.util.concurrent.ExecutionError                                : loaded 2 times (x 78B)
Class com.google.common.collect.ImmutableList$1                                       : loaded 2 times (x 93B)
Class org.gradle.api.internal.classpath.ManifestUtil                                  : loaded 2 times (x 67B)
Class com.google.common.collect.RegularImmutableMap                                   : loaded 2 times (x 117B)
Class com.google.common.collect.ImmutableMap$MapViewOfValuesAsSingletonSets           : loaded 2 times (x 122B)
Class [Lorg.objectweb.asm.Symbol;                                                     : loaded 2 times (x 65B)
Class org.objectweb.asm.ClassVisitor                                                  : loaded 2 times (x 84B)
Class com.google.common.collect.UnmodifiableListIterator                              : loaded 2 times (x 91B)
Class com.google.common.base.Platform$JdkPatternCompiler                              : loaded 2 times (x 71B)
Class org.objectweb.asm.MethodTooLargeException                                       : loaded 2 times (x 79B)
Class [Lcom.google.common.cache.CacheBuilder$OneWeigher;                              : loaded 2 times (x 65B)
Class com.google.common.base.Suppliers                                                : loaded 2 times (x 67B)
Class org.gradle.internal.classloader.DefaultClassLoaderFactory                       : loaded 2 times (x 78B)
Class com.google.common.io.ByteSource$ConcatenatedByteSource                          : loaded 2 times (x 81B)
Class org.gradle.internal.classloader.ClassLoaderVisitor                              : loaded 2 times (x 72B)
Class [Lcom.google.common.collect.ImmutableMapEntry;                                  : loaded 2 times (x 65B)
Class org.gradle.api.internal.classpath.EffectiveClassPath                            : loaded 2 times (x 86B)
Class com.google.common.collect.ImmutableRangeSet                                     : loaded 2 times (x 111B)
Class com.google.common.collect.ListMultimap                                          : loaded 2 times (x 66B)
Class com.google.common.collect.ImmutableEnumMap                                      : loaded 2 times (x 122B)
Class com.google.common.collect.ImmutableSet$SerializedForm                           : loaded 2 times (x 69B)
Class com.google.common.collect.Sets$1                                                : loaded 2 times (x 135B)
Class org.objectweb.asm.AnnotationVisitor                                             : loaded 2 times (x 74B)
Class org.gradle.api.internal.DefaultClassPathProvider                                : loaded 2 times (x 72B)
Class com.google.common.collect.Sets$2                                                : loaded 2 times (x 135B)
Class [Lorg.gradle.api.internal.ClassPathProvider;                                    : loaded 2 times (x 65B)
Class org.gradle.api.internal.ClassPathProvider                                       : loaded 2 times (x 66B)
Class [Lorg.objectweb.asm.AnnotationVisitor;                                          : loaded 2 times (x 65B)
Class com.google.common.collect.Sets$3                                                : loaded 2 times (x 135B)
Class com.google.common.util.concurrent.AbstractFuture$SafeAtomicHelper               : loaded 2 times (x 75B)
Class com.google.common.cache.LocalCache$LocalLoadingCache                            : loaded 2 times (x 130B)
Class org.gradle.internal.service.UnknownServiceException                             : loaded 2 times (x 79B)
Class com.google.common.collect.Sets$4                                                : loaded 2 times (x 135B)
Class org.objectweb.asm.ModuleVisitor                                                 : loaded 2 times (x 77B)
Class com.google.common.cache.LocalCache$Strength$1                                   : loaded 2 times (x 77B)
Class com.google.common.util.concurrent.SettableFuture                                : loaded 2 times (x 110B)
Class com.google.common.cache.LocalCache$Strength$2                                   : loaded 2 times (x 77B)
Class com.google.common.cache.LocalCache$Strength$3                                   : loaded 2 times (x 77B)
Class com.google.common.collect.MapDifference                                         : loaded 2 times (x 66B)
Class org.objectweb.asm.FieldWriter                                                   : loaded 2 times (x 74B)
Class com.google.common.cache.CacheBuilder$NullListener                               : loaded 2 times (x 78B)
Class org.gradle.internal.classpath.TransformedClassPath                              : loaded 2 times (x 92B)
Class org.gradle.internal.classloader.InstrumentingClassLoader                        : loaded 2 times (x 66B)
Class com.google.common.collect.ImmutableRangeSet$AsSet                               : loaded 2 times (x 296B)
Class com.google.common.cache.CacheLoader$FunctionToCacheLoader                       : loaded 2 times (x 71B)
Class com.google.common.collect.Iterators$ArrayItr                                    : loaded 2 times (x 93B)
Class com.google.common.collect.ImmutableCollection$Builder                           : loaded 2 times (x 72B)
Class com.google.common.base.Joiner                                                   : loaded 2 times (x 75B)
Class com.google.common.base.MoreObjects                                              : loaded 2 times (x 67B)
Class com.google.common.collect.Platform                                              : loaded 2 times (x 67B)
Class [Lorg.objectweb.asm.Type;                                                       : loaded 2 times (x 65B)
Class com.google.common.collect.UnmodifiableIterator                                  : loaded 2 times (x 76B)
Class org.gradle.internal.service.ServiceLocator                                      : loaded 2 times (x 66B)
Class com.google.common.base.Ascii                                                    : loaded 2 times (x 67B)
Class com.google.common.collect.SingletonImmutableBiMap                               : loaded 2 times (x 139B)
Class com.google.common.cache.LocalCache$1                                            : loaded 2 times (x 85B)
Class com.google.common.collect.AbstractMapEntry                                      : loaded 2 times (x 77B)
Class com.google.common.io.ByteSource$ByteArrayByteSource                             : loaded 2 times (x 81B)
Class com.google.common.collect.Sets$ImprovedAbstractSet                              : loaded 2 times (x 131B)
Class com.google.common.collect.ImmutableList$Builder                                 : loaded 2 times (x 73B)
Class com.google.common.collect.AbstractMultimap                                      : loaded 2 times (x 119B)
Class com.google.common.cache.LocalCache$2                                            : loaded 2 times (x 138B)
Class com.google.common.collect.ImmutableRangeSet$1                                   : loaded 2 times (x 206B)
Class com.google.common.util.concurrent.AbstractFuture$UnsafeAtomicHelper$1           : loaded 2 times (x 72B)
Class com.google.common.collect.RegularImmutableAsList                                : loaded 2 times (x 213B)
Class com.google.common.base.Optional                                                 : loaded 2 times (x 76B)
Class com.google.common.collect.Range                                                 : loaded 2 times (x 83B)
Class com.google.common.util.concurrent.AbstractFuture$Trusted                        : loaded 2 times (x 66B)
Class com.google.common.collect.Iterators                                             : loaded 2 times (x 67B)
Class com.google.common.collect.Lists$StringAsImmutableList                           : loaded 2 times (x 203B)
Class com.google.common.util.concurrent.UncheckedExecutionException                   : loaded 2 times (x 78B)
Class org.gradle.kotlin.dsl.VersionCatalogAccessorsKt                                 : loaded 2 times (x 67B)
Class org.gradle.internal.InternalTransformer                                         : loaded 2 times (x 66B)
Class com.google.common.collect.AbstractMapBasedMultimap$KeySet$1                     : loaded 2 times (x 78B)
Class org.objectweb.asm.ClassWriter                                                   : loaded 2 times (x 102B)
Class com.google.common.cache.CacheLoader$UnsupportedLoadingOperationException        : loaded 2 times (x 78B)
Class com.google.common.base.CharMatcher$And                                          : loaded 2 times (x 108B)
Class org.gradle.internal.classloader.ClasspathUtil$1                                 : loaded 2 times (x 72B)
Class com.google.common.base.Objects                                                  : loaded 2 times (x 67B)
Class org.objectweb.asm.FieldVisitor                                                  : loaded 2 times (x 73B)
Class com.google.common.collect.IndexedImmutableSet                                   : loaded 2 times (x 148B)
Class com.google.common.collect.ImmutableMap$1                                        : loaded 2 times (x 77B)
Class com.google.common.collect.BiMap                                                 : loaded 2 times (x 66B)
Class org.gradle.api.internal.classpath.DefaultModuleRegistry$DefaultModule           : loaded 2 times (x 82B)
Class com.google.common.base.Absent                                                   : loaded 2 times (x 76B)
Class com.google.common.primitives.Ints                                               : loaded 2 times (x 67B)
Class com.google.common.collect.AbstractIterator                                      : loaded 2 times (x 78B)
Class com.google.common.collect.ObjectArrays                                          : loaded 2 times (x 67B)
Class com.google.common.collect.Multiset                                              : loaded 2 times (x 66B)
Class com.google.common.collect.RegularImmutableMap$KeySet                            : loaded 2 times (x 148B)
Class com.google.common.collect.AbstractIndexedListIterator                           : loaded 2 times (x 92B)
Class com.google.common.math.MathPreconditions                                        : loaded 2 times (x 67B)
Class com.google.common.collect.ImmutableMapEntrySet                                  : loaded 2 times (x 148B)
Class org.gradle.api.internal.classpath.Module                                        : loaded 2 times (x 66B)
Class com.google.common.cache.Weigher                                                 : loaded 2 times (x 66B)
Class org.gradle.api.internal.classpath.UnknownModuleException                        : loaded 2 times (x 78B)
Class com.google.common.base.Stopwatch                                                : loaded 2 times (x 68B)
Class com.google.common.cache.LocalCache$Strength                                     : loaded 2 times (x 77B)
Class com.google.common.cache.Cache                                                   : loaded 2 times (x 66B)
Class com.google.common.base.NullnessCasts                                            : loaded 2 times (x 67B)
Class com.google.common.util.concurrent.AbstractFuture$Cancellation                   : loaded 2 times (x 68B)
Class com.google.common.collect.ImmutableMap$Builder                                  : loaded 2 times (x 78B)
Class com.google.common.base.Present                                                  : loaded 2 times (x 77B)
Class com.google.common.cache.RemovalListener                                         : loaded 2 times (x 66B)
Class org.gradle.api.internal.DefaultClassPathRegistry                                : loaded 2 times (x 72B)
Class com.google.common.primitives.IntsMethodsForWeb                                  : loaded 2 times (x 67B)
Class com.google.common.collect.Multimap                                              : loaded 2 times (x 66B)
Class org.gradle.api.internal.ClassPathRegistry                                       : loaded 2 times (x 66B)
Class org.gradle.internal.classpath.DefaultClassPath$ImmutableUniqueList              : loaded 2 times (x 195B)
Class com.google.common.base.ExtraObjectsMethodsForWeb                                : loaded 2 times (x 67B)
Class com.google.common.base.PairwiseEquivalence                                      : loaded 2 times (x 79B)
Class com.google.common.cache.CacheBuilder                                            : loaded 2 times (x 68B)
Class com.google.common.collect.SingletonImmutableList                                : loaded 2 times (x 203B)
Class Settings_gradle$1                                                               : loaded 2 times (x 70B)
Class org.gradle.internal.classpath.ClassPath                                         : loaded 2 times (x 66B)
Class org.gradle.api.UncheckedIOException                                             : loaded 2 times (x 78B)
Class com.google.common.base.JdkPattern                                               : loaded 2 times (x 71B)
Class com.google.common.collect.ImmutableList$ReverseImmutableList                    : loaded 2 times (x 205B)
Class org.objectweb.asm.SymbolTable$Entry                                             : loaded 2 times (x 70B)
Class com.google.common.util.concurrent.AbstractFuture$AtomicHelper                   : loaded 2 times (x 74B)
Class org.objectweb.asm.Edge                                                          : loaded 2 times (x 68B)
Class com.google.common.base.Suppliers$SupplierOfInstance                             : loaded 2 times (x 75B)
Class com.google.common.collect.Iterators$1                                           : loaded 2 times (x 77B)
Class com.google.common.cache.LocalCache$ComputingValueReference                      : loaded 2 times (x 92B)
Class com.google.common.collect.SingletonImmutableSet                                 : loaded 2 times (x 142B)
Class com.google.common.collect.ImmutableMap$IteratorBasedImmutableMap                : loaded 2 times (x 122B)
Class com.google.common.cache.LocalCache$Segment                                      : loaded 2 times (x 150B)
Class com.google.common.collect.SortedIterable                                        : loaded 2 times (x 66B)
Class com.google.common.collect.AbstractListMultimap                                  : loaded 2 times (x 168B)
Class [Lorg.objectweb.asm.SymbolTable$Entry;                                          : loaded 2 times (x 65B)
Class com.google.common.cache.CacheLoader                                             : loaded 2 times (x 70B)
Class com.google.common.collect.Iterators$4                                           : loaded 2 times (x 78B)
Class com.google.common.collect.ImmutableBiMap                                        : loaded 2 times (x 139B)
Class org.gradle.internal.installation.GradleInstallation$1                           : loaded 2 times (x 71B)
Class org.gradle.api.internal.classpath.ModuleRegistry                                : loaded 2 times (x 66B)
Class com.google.common.util.concurrent.internal.InternalFutureFailureAccess          : loaded 2 times (x 68B)
Class com.google.common.collect.Iterators$5                                           : loaded 2 times (x 78B)
Class com.google.common.collect.ImmutableSet$JdkBackedSetBuilderImpl                  : loaded 2 times (x 72B)
Class com.google.common.util.concurrent.AbstractFuture$UnsafeAtomicHelper             : loaded 2 times (x 74B)
Class com.google.common.cache.LocalCache$LocalManualCache$1                           : loaded 2 times (x 71B)
Class com.google.common.base.CharMatcher$ForPredicate                                 : loaded 2 times (x 108B)
Class com.google.common.base.CharMatcher$AnyOf                                        : loaded 2 times (x 108B)
Class com.google.common.collect.ImmutableCollection                                   : loaded 2 times (x 121B)
Class org.gradle.api.internal.classpath.DefaultModuleRegistry                         : loaded 2 times (x 82B)
Class com.google.common.collect.Lists                                                 : loaded 2 times (x 67B)
Class com.google.common.util.concurrent.ListenableFuture                              : loaded 2 times (x 66B)
Class com.google.common.cache.ReferenceEntry                                          : loaded 2 times (x 66B)
Class com.google.common.base.Converter                                                : loaded 2 times (x 86B)
Class com.google.common.collect.ImmutableSet$CachingAsList                            : loaded 2 times (x 144B)
Class com.google.common.collect.AbstractMapBasedMultimap                              : loaded 2 times (x 135B)
Class com.google.common.util.concurrent.AbstractFuture                                : loaded 2 times (x 102B)
Class com.google.common.base.FunctionalEquivalence                                    : loaded 2 times (x 79B)
Class com.google.common.collect.Iterators$9                                           : loaded 2 times (x 77B)
Class com.google.common.collect.ImmutableAsList                                       : loaded 2 times (x 205B)
Class org.objectweb.asm.RecordComponentVisitor                                        : loaded 2 times (x 73B)
Class com.google.common.cache.CacheLoader$SupplierToCacheLoader                       : loaded 2 times (x 71B)
Class com.google.common.collect.Maps$EntryTransformer                                 : loaded 2 times (x 66B)
Class org.gradle.internal.service.ServiceLookupException                              : loaded 2 times (x 78B)
Class com.google.common.collect.ImmutableSortedSet                                    : loaded 2 times (x 296B)
Class [Lcom.google.common.cache.LocalCache$EntryFactory;                              : loaded 2 times (x 65B)
Class org.gradle.internal.classloader.ClassLoaderFactory                              : loaded 2 times (x 66B)
Class com.google.common.collect.ImmutableMap$SerializedForm                           : loaded 2 times (x 69B)
Class com.google.common.base.CommonPattern                                            : loaded 2 times (x 70B)
Class com.google.common.cache.LocalCache$LocalManualCache                             : loaded 2 times (x 95B)
Class com.google.common.base.CharMatcher$IsNot                                        : loaded 2 times (x 107B)
Class org.gradle.internal.service.CachingServiceLocator                               : loaded 2 times (x 78B)
Class com.google.common.collect.AbstractMapBasedMultimap$KeySet                       : loaded 2 times (x 133B)
Class com.google.common.collect.RegularImmutableSortedSet                             : loaded 2 times (x 296B)
Class com.google.common.math.IntMath                                                  : loaded 2 times (x 67B)
Class com.google.common.collect.ImmutableMapEntry                                     : loaded 2 times (x 81B)
Class com.google.common.base.Equivalence                                              : loaded 2 times (x 78B)
Class com.google.common.base.Function                                                 : loaded 2 times (x 66B)
Class com.google.common.collect.ImmutableMapEntry$NonTerminalImmutableMapEntry        : loaded 2 times (x 81B)
Class com.google.common.collect.IndexedImmutableSet$1                                 : loaded 2 times (x 209B)
Class com.google.common.cache.CacheBuilder$OneWeigher                                 : loaded 2 times (x 78B)
Class com.google.common.collect.RegularImmutableList                                  : loaded 2 times (x 209B)
Class org.gradle.internal.classloader.ClasspathUtil                                   : loaded 2 times (x 67B)
Class com.google.common.base.Charsets                                                 : loaded 2 times (x 67B)
Class com.google.common.util.concurrent.Uninterruptibles                              : loaded 2 times (x 67B)
Class com.google.common.io.CharSource                                                 : loaded 2 times (x 81B)
Class com.google.common.collect.Maps                                                  : loaded 2 times (x 67B)
Class org.gradle.api.specs.Spec                                                       : loaded 2 times (x 66B)
Class [Lcom.google.common.collect.ImmutableEntry;                                     : loaded 2 times (x 65B)
Class com.google.common.cache.LocalCache$LoadingValueReference                        : loaded 2 times (x 92B)
Class com.google.common.collect.ArrayListMultimapGwtSerializationDependencies         : loaded 2 times (x 168B)
Class com.google.common.base.Platform                                                 : loaded 2 times (x 67B)
Class [Lorg.objectweb.asm.AnnotationWriter;                                           : loaded 2 times (x 65B)
Class com.google.common.collect.Maps$8                                                : loaded 2 times (x 78B)
Class com.google.common.collect.ImmutableRangeSet$Builder                             : loaded 2 times (x 73B)
Class com.google.common.collect.Sets$SetView                                          : loaded 2 times (x 134B)
Class com.google.common.cache.LocalCache$StrongValueReference                         : loaded 2 times (x 86B)
Class com.google.common.util.concurrent.AbstractFuture$SynchronizedHelper             : loaded 2 times (x 74B)
Class org.objectweb.asm.Type                                                          : loaded 2 times (x 68B)
Class org.gradle.internal.classloader.VisitableURLClassLoader$InstrumentingVisitableURLClassLoader: loaded 2 times (x 119B)
Class org.objectweb.asm.ByteVector                                                    : loaded 2 times (x 75B)
Class [Lcom.google.common.cache.CacheBuilder$NullListener;                            : loaded 2 times (x 65B)
Class com.google.common.math.IntMath$1                                                : loaded 2 times (x 67B)
Class org.gradle.internal.classloader.VisitableURLClassLoader$Spec                    : loaded 2 times (x 70B)
Class org.gradle.internal.classpath.DefaultClassPath                                  : loaded 2 times (x 86B)
Class org.objectweb.asm.Symbol                                                        : loaded 2 times (x 69B)
Class com.google.common.io.Closer                                                     : loaded 2 times (x 74B)
Class com.google.common.base.CharMatcher$Ascii                                        : loaded 2 times (x 108B)
Class com.google.common.base.CharMatcher$BitSetMatcher                                : loaded 2 times (x 108B)
Class com.google.common.collect.RegularImmutableMap$Values                            : loaded 2 times (x 203B)
Class com.google.common.collect.ImmutableSet                                          : loaded 2 times (x 141B)
Class org.gradle.internal.classloader.ClassLoaderSpec                                 : loaded 2 times (x 67B)
Class com.google.common.io.ByteSource$EmptyByteSource                                 : loaded 2 times (x 81B)
Class org.objectweb.asm.AnnotationWriter                                              : loaded 2 times (x 75B)
Class com.google.common.cache.CacheStats                                              : loaded 2 times (x 67B)
Class com.google.common.io.Closer$Suppressor                                          : loaded 2 times (x 66B)
Class org.objectweb.asm.RecordComponentWriter                                         : loaded 2 times (x 74B)
Class com.google.common.util.concurrent.AbstractFuture$Listener                       : loaded 2 times (x 68B)
Class com.google.common.base.CharMatcher$Or                                           : loaded 2 times (x 108B)
Class Settings_gradle$1$1                                                             : loaded 2 times (x 70B)
Class org.objectweb.asm.Attribute                                                     : loaded 2 times (x 73B)
Class com.google.common.base.Supplier                                                 : loaded 2 times (x 66B)
Class org.gradle.internal.classloader.VisitableURLClassLoader                         : loaded 2 times (x 113B)
Class com.google.common.collect.ImmutableList$SerializedForm                          : loaded 2 times (x 69B)
Class com.google.common.util.concurrent.AbstractFuture$Waiter                         : loaded 2 times (x 68B)
Class Settings_gradle                                                                 : loaded 2 times (x 124B)
Class org.gradle.internal.Cast                                                        : loaded 2 times (x 67B)
Class org.gradle.api.Action                                                           : loaded 2 times (x 66B)
Class com.google.common.base.Strings                                                  : loaded 2 times (x 67B)
Class com.google.common.collect.Sets                                                  : loaded 2 times (x 67B)
Class org.objectweb.asm.Handler                                                       : loaded 2 times (x 68B)
Class com.google.common.base.Ticker                                                   : loaded 2 times (x 68B)
Class com.google.common.base.CharMatcher$FastMatcher                                  : loaded 2 times (x 107B)
Class [Lcom.google.common.cache.LocalCache$Segment;                                   : loaded 2 times (x 65B)
Class [Lcom.google.common.cache.LocalCache$Strength;                                  : loaded 2 times (x 65B)
Class com.google.common.cache.CacheBuilder$1                                          : loaded 2 times (x 81B)
Class com.google.common.base.Predicate                                                : loaded 2 times (x 66B)
Class com.google.common.collect.ImmutableMap                                          : loaded 2 times (x 116B)
Class org.gradle.internal.classpath.DefaultClassPath$ImmutableUniqueList$Builder      : loaded 2 times (x 71B)
Class com.google.common.collect.AbstractRangeSet                                      : loaded 2 times (x 110B)
Class com.google.common.cache.LocalCache                                              : loaded 2 times (x 183B)
Class com.google.common.cache.CacheBuilder$2                                          : loaded 2 times (x 75B)
Class com.google.common.base.CharMatcher$NegatedFastMatcher                           : loaded 2 times (x 109B)
Class com.google.common.collect.ArrayListMultimap                                     : loaded 2 times (x 168B)
Class com.google.common.cache.CacheBuilder$3                                          : loaded 2 times (x 68B)
Class [Lcom.google.common.collect.AbstractMapEntry;                                   : loaded 2 times (x 65B)
Class com.google.common.collect.ImmutableEntry                                        : loaded 2 times (x 78B)
Class org.gradle.api.GradleException                                                  : loaded 2 times (x 78B)
Class com.google.common.base.Suppliers$MemoizingSupplier                              : loaded 2 times (x 75B)
Class com.google.common.collect.CollectPreconditions                                  : loaded 2 times (x 67B)
Class com.google.common.collect.SortedMapDifference                                   : loaded 2 times (x 66B)
Class com.google.common.cache.LocalCache$EntryFactory                                 : loaded 2 times (x 79B)
Class com.google.common.cache.LocalCache$AbstractReferenceEntry                       : loaded 2 times (x 103B)
Class org.gradle.internal.IoActions                                                   : loaded 2 times (x 67B)
Class com.google.common.collect.ImmutableRangeSet$ComplementRanges                    : loaded 2 times (x 203B)
Class org.objectweb.asm.SymbolTable                                                   : loaded 2 times (x 68B)
Class com.google.common.cache.CacheLoader$InvalidCacheLoadException                   : loaded 2 times (x 78B)
Class com.google.common.collect.ImmutableSet$RegularSetBuilderImpl                    : loaded 2 times (x 73B)
Class org.gradle.internal.classloader.SystemClassLoaderSpec                           : loaded 2 times (x 67B)
Class com.google.common.cache.LocalCache$StrongEntry                                  : loaded 2 times (x 104B)
Class com.google.common.util.concurrent.AbstractFuture$TrustedFuture                  : loaded 2 times (x 110B)
Class com.google.common.cache.LoadingCache                                            : loaded 2 times (x 66B)
Class com.google.common.base.Suppliers$NonSerializableMemoizingSupplier               : loaded 2 times (x 75B)
Class org.objectweb.asm.MethodWriter                                                  : loaded 2 times (x 102B)
Class [Lcom.google.common.cache.Weigher;                                              : loaded 2 times (x 65B)
Class com.google.common.collect.RegularImmutableMap$BucketOverflowException           : loaded 2 times (x 78B)
Class com.google.common.collect.RegularImmutableBiMap                                 : loaded 2 times (x 145B)
Class com.google.common.cache.LocalCache$ValueReference                               : loaded 2 times (x 66B)
Class com.google.common.base.CharMatcher$Is                                           : loaded 2 times (x 107B)
Class com.google.common.base.CharMatcher$Negated                                      : loaded 2 times (x 109B)
Class com.google.common.hash.PrimitiveSink                                            : loaded 2 times (x 66B)
Class com.google.common.base.PatternCompiler                                          : loaded 2 times (x 66B)
Class com.google.common.util.concurrent.AbstractFuture$Failure                        : loaded 2 times (x 68B)
Class com.google.common.base.Equivalence$Equals                                       : loaded 2 times (x 78B)
Class com.google.common.collect.Hashing                                               : loaded 2 times (x 67B)
Class com.google.common.base.Preconditions                                            : loaded 2 times (x 67B)
Class com.google.common.base.Joiner$1                                                 : loaded 2 times (x 76B)
Class org.objectweb.asm.Label                                                         : loaded 2 times (x 69B)
Class org.objectweb.asm.CurrentFrame                                                  : loaded 2 times (x 69B)
Class org.objectweb.asm.ClassTooLargeException                                        : loaded 2 times (x 79B)
Class com.google.common.base.CharMatcher                                              : loaded 2 times (x 107B)
Class com.google.common.collect.PeekingIterator                                       : loaded 2 times (x 66B)
Class com.google.common.io.ByteSource$AsCharSource                                    : loaded 2 times (x 82B)
Class com.google.common.collect.Maps$IteratorBasedAbstractMap                         : loaded 2 times (x 121B)
Class com.google.common.collect.RangeGwtSerializationDependencies                     : loaded 2 times (x 67B)
Class com.google.common.base.Joiner$2                                                 : loaded 2 times (x 75B)
Class org.objectweb.asm.Frame                                                         : loaded 2 times (x 69B)
Class org.objectweb.asm.MethodVisitor                                                 : loaded 2 times (x 101B)
Class com.google.common.cache.LocalCache$EntryFactory$1                               : loaded 2 times (x 79B)
Class [Lcom.google.common.cache.RemovalListener;                                      : loaded 2 times (x 65B)
Class com.google.common.base.CharMatcher$1                                            : loaded 2 times (x 109B)
Class com.google.common.base.CharMatcher$NamedFastMatcher                             : loaded 2 times (x 108B)
Class com.google.common.collect.RangeSet                                              : loaded 2 times (x 66B)
Class com.google.common.cache.LocalCache$EntryFactory$2                               : loaded 2 times (x 79B)
Class org.gradle.api.internal.classpath.GlobalCacheRootsProvider                      : loaded 2 times (x 66B)
Class com.google.common.collect.CollectCollectors                                     : loaded 2 times (x 67B)
Class org.objectweb.asm.ModuleWriter                                                  : loaded 2 times (x 78B)
Class com.google.common.cache.LocalCache$EntryFactory$3                               : loaded 2 times (x 79B)
Class com.google.common.base.Ticker$1                                                 : loaded 2 times (x 68B)
Class com.google.common.collect.Maps$BiMapConverter                                   : loaded 2 times (x 86B)
Class com.google.common.collect.ImmutableMapEntrySet$RegularEntrySet                  : loaded 2 times (x 148B)
Class com.google.common.cache.LocalCache$EntryFactory$4                               : loaded 2 times (x 79B)
Class com.google.common.base.CharMatcher$InRange                                      : loaded 2 times (x 107B)
Class com.google.common.collect.ImmutableSet$Builder                                  : loaded 2 times (x 81B)
Class com.google.common.cache.LocalCache$EntryFactory$5                               : loaded 2 times (x 79B)
Class com.google.common.base.Equivalence$Identity                                     : loaded 2 times (x 78B)
Class com.google.common.cache.LocalCache$EntryFactory$6                               : loaded 2 times (x 79B)
Class org.gradle.internal.installation.CurrentGradleInstallationLocator               : loaded 2 times (x 67B)
Class com.google.common.io.ByteSource$SlicedByteSource                                : loaded 2 times (x 81B)
Class com.google.common.collect.Maps$KeySet                                           : loaded 2 times (x 133B)
Class com.google.common.cache.LocalCache$EntryFactory$7                               : loaded 2 times (x 79B)
Class com.google.common.collect.ImmutableSet$EmptySetBuilderImpl                      : loaded 2 times (x 72B)
Class com.google.common.collect.ImmutableList                                         : loaded 2 times (x 202B)
Class org.gradle.internal.service.DefaultServiceLocator                               : loaded 2 times (x 79B)
Class com.google.common.cache.LocalCache$EntryFactory$8                               : loaded 2 times (x 79B)
Class com.google.common.collect.ImmutableSet$SetBuilderImpl                           : loaded 2 times (x 72B)
Class org.gradle.internal.installation.CurrentGradleInstallation                      : loaded 2 times (x 69B)
Class com.google.common.cache.CacheLoader$1                                           : loaded 2 times (x 71B)
Class com.google.common.collect.ForwardingObject                                      : loaded 2 times (x 68B)
Class com.google.common.collect.ImmutableList$SubList                                 : loaded 2 times (x 205B)
Class org.gradle.util.internal.GUtil                                                  : loaded 2 times (x 67B)
Class com.google.common.io.ByteSource                                                 : loaded 2 times (x 80B)
Class com.google.common.util.concurrent.AbstractFuture$SetFuture                      : loaded 2 times (x 71B)
Class com.google.common.cache.AbstractCache$StatsCounter                              : loaded 2 times (x 66B)
Class com.google.common.collect.Iterators$MergingIterator                             : loaded 2 times (x 77B)
Class com.google.common.collect.RegularImmutableSet                                   : loaded 2 times (x 145B)
Class org.gradle.internal.installation.GradleInstallation                             : loaded 2 times (x 71B)
Class com.google.common.collect.Iterables                                             : loaded 2 times (x 67B)

---------------  S Y S T E M  ---------------

OS:
 Windows 11 , 64 bit Build 26100 (10.0.26100.6725)
OS uptime: 0 days 6:58 hours
Hyper-V role detected

CPU: total 4 (initial active 4) (2 cores per cpu, 2 threads per core) family 6 model 140 stepping 1 microcode 0xb4, cx8, cmov, fxsr, ht, mmx, 3dnowpref, sse, sse2, sse3, ssse3, sse4.1, sse4.2, popcnt, lzcnt, tsc, tscinvbit, avx, avx2, aes, erms, clmul, bmi1, bmi2, adx, avx512f, avx512dq, avx512cd, avx512bw, avx512vl, sha, fma, vzeroupper, avx512_vpopcntdq, avx512_vpclmulqdq, avx512_vaes, avx512_vnni, clflush, clflushopt, clwb, avx512_vbmi2, avx512_vbmi, hv, rdtscp, rdpid, fsrm, gfni, avx512_bitalg, f16c, cet_ibt, cet_ss, avx512_ifma
Processor Information for processor 0
  Max Mhz: 2901, Current Mhz: 2901, Mhz Limit: 2901
Processor Information for processor 1
  Max Mhz: 2901, Current Mhz: 1100, Mhz Limit: 2901
Processor Information for processor 2
  Max Mhz: 2901, Current Mhz: 1100, Mhz Limit: 2901
Processor Information for processor 3
  Max Mhz: 2901, Current Mhz: 1100, Mhz Limit: 2901

Memory: 4k page, system-wide physical 7834M (573M free)
TotalPageFile size 15063M (AvailPageFile size 12M)
current process WorkingSet (physical memory assigned to process): 451M, peak: 566M
current process commit charge ("private bytes"): 621M, peak: 891M

vm_info: OpenJDK 64-Bit Server VM (21.0.6+-13391695-b895.109) for windows-amd64 JRE (21.0.6+-13391695-b895.109), built on 2025-04-22T21:19:17Z by "builder" with MS VC++ 16.10 / 16.11 (VS2019)

END.
