#
# There is insufficient memory for the Java Runtime Environment to continue.
# Native memory allocation (malloc) failed to allocate 937568 bytes. Error detail: Chunk::new
# Possible reasons:
#   The system is out of physical RAM or swap space
#   This process is running with CompressedOops enabled, and the Java Heap may be blocking the growth of the native heap
# Possible solutions:
#   Reduce memory load on the system
#   Increase physical memory or swap space
#   Check if swap backing store is full
#   Decrease Java heap size (-Xmx/-Xms)
#   Decrease number of Java threads
#   Decrease Java thread stack sizes (-Xss)
#   Set larger code cache with -XX:ReservedCodeCacheSize=
#   JVM is running with Unscaled Compressed Oops mode in which the Java heap is
#     placed in the first 4GB address space. The Java Heap base address is the
#     maximum limit for the native heap growth. Please use -XX:HeapBaseMinAddress
#     to set the Java Heap base and to place the Java Heap above 4GB virtual address.
# This output file may be truncated or incomplete.
#
#  Out of Memory Error (arena.cpp:168), pid=16720, tid=9652
#
# JRE version: OpenJDK Runtime Environment (21.0.6) (build 21.0.6+-13391695-b895.109)
# Java VM: OpenJDK 64-Bit Server VM (21.0.6+-13391695-b895.109, mixed mode, tiered, compressed oops, compressed class ptrs, g1 gc, windows-amd64)
# No core dump will be written. Minidumps are not enabled by default on client versions of Windows
#

---------------  S U M M A R Y ------------

Command Line: --add-opens=java.base/java.lang=ALL-UNNAMED --add-opens=java.base/java.lang.invoke=ALL-UNNAMED --add-opens=java.base/java.util=ALL-UNNAMED --add-opens=java.prefs/java.util.prefs=ALL-UNNAMED --add-exports=jdk.compiler/com.sun.tools.javac.api=ALL-UNNAMED --add-exports=jdk.compiler/com.sun.tools.javac.util=ALL-UNNAMED --add-opens=java.base/java.util=ALL-UNNAMED --add-opens=java.prefs/java.util.prefs=ALL-UNNAMED --add-opens=java.base/java.nio.charset=ALL-UNNAMED --add-opens=java.base/java.net=ALL-UNNAMED --add-opens=java.base/java.util.concurrent.atomic=ALL-UNNAMED --add-opens=java.xml/javax.xml.namespace=ALL-UNNAMED -Xmx2048m -Dfile.encoding=UTF-8 -Duser.country=US -Duser.language=en -Duser.variant -javaagent:C:\Users\Anastasija\.gradle\wrapper\dists\gradle-8.13-bin\5xuhj0ry160q40clulazy9h7d\gradle-8.13\lib\agents\gradle-instrumentation-agent-8.13.jar org.gradle.launcher.daemon.bootstrap.GradleDaemon 8.13

Host: 11th Gen Intel(R) Core(TM) i3-1115G4 @ 3.00GHz, 4 cores, 7G,  Windows 11 , 64 bit Build 26100 (10.0.26100.6725)
Time: Mon Nov 10 22:46:01 2025 Central Europe Standard Time elapsed time: 24.752350 seconds (0d 0h 0m 24s)

---------------  T H R E A D  ---------------

Current thread (0x000001d8b857f0d0):  JavaThread "C2 CompilerThread0" daemon [_thread_in_native, id=9652, stack(0x00000069bb700000,0x00000069bb800000) (1024K)]


Current CompileTask:
C2:24752 13566       4       org.gradle.internal.snapshot.impl.DirectorySnapshotterStatistics$CollectingFileVisitor::visitFile (10 bytes)

Stack: [0x00000069bb700000,0x00000069bb800000]
Native frames: (J=compiled Java code, j=interpreted, Vv=VM code, C=native code)
V  [jvm.dll+0x6d0639]
V  [jvm.dll+0x85eb03]
V  [jvm.dll+0x86105e]
V  [jvm.dll+0x861743]
V  [jvm.dll+0x27e6e6]
V  [jvm.dll+0xbff6d]
V  [jvm.dll+0xc04a3]
V  [jvm.dll+0x3b61ab]
V  [jvm.dll+0x3820c7]
V  [jvm.dll+0x38153a]
V  [jvm.dll+0x247c82]
V  [jvm.dll+0x247251]
V  [jvm.dll+0x1c5f04]
V  [jvm.dll+0x2569ac]
V  [jvm.dll+0x254ef6]
V  [jvm.dll+0x3f0e96]
V  [jvm.dll+0x806ed8]
V  [jvm.dll+0x6cef0d]
C  [ucrtbase.dll+0x37b0]
C  [KERNEL32.DLL+0x2e8d7]
C  [ntdll.dll+0x8c53c]


---------------  P R O C E S S  ---------------

Threads class SMR info:
_java_thread_list=0x000001d8c35ba070, length=53, elements={
0x000001d8a157db70, 0x000001d8b8597e20, 0x000001d8b859b3f0, 0x000001d8b859c650,
0x000001d8b857ceb0, 0x000001d8b857d900, 0x000001d8b857e350, 0x000001d8b857f0d0,
0x000001d8b8584290, 0x000001d8b86f7a50, 0x000001d8b888bb50, 0x000001d8be05afc0,
0x000001d8be776a80, 0x000001d8be832f50, 0x000001d8be84efb0, 0x000001d8be9a0150,
0x000001d8be9e1230, 0x000001d8be7f25f0, 0x000001d8be7f3570, 0x000001d8be8292f0,
0x000001d8be816630, 0x000001d8be819420, 0x000001d8be817350, 0x000001d8be819ab0,
0x000001d8be818700, 0x000001d8be816cc0, 0x000001d8be818d90, 0x000001d8be8179e0,
0x000001d8bf0cb210, 0x000001d8bf0c97d0, 0x000001d8bf0c8ab0, 0x000001d8bf0cb8a0,
0x000001d8bf0cab80, 0x000001d8bf0cbf30, 0x000001d8bf0cc5c0, 0x000001d8bf0c9140,
0x000001d8bf0c9e60, 0x000001d8bf0cf3b0, 0x000001d8bf0cd2e0, 0x000001d8bf0ced20,
0x000001d8bf0ce690, 0x000001d8c02de410, 0x000001d8c02dbcb0, 0x000001d8c02df130,
0x000001d8b87607d0, 0x000001d8b875d350, 0x000001d8b8762210, 0x000001d8b87628a0,
0x000001d8b87642e0, 0x000001d8c2f296d0, 0x000001d8c2f26250, 0x000001d8c2f28320,
0x000001d8c1fb0650
}

Java Threads: ( => current thread )
  0x000001d8a157db70 JavaThread "main"                              [_thread_blocked, id=12792, stack(0x00000069ba900000,0x00000069baa00000) (1024K)]
  0x000001d8b8597e20 JavaThread "Reference Handler"          daemon [_thread_blocked, id=18212, stack(0x00000069bb100000,0x00000069bb200000) (1024K)]
  0x000001d8b859b3f0 JavaThread "Finalizer"                  daemon [_thread_blocked, id=14252, stack(0x00000069bb200000,0x00000069bb300000) (1024K)]
  0x000001d8b859c650 JavaThread "Signal Dispatcher"          daemon [_thread_blocked, id=9944, stack(0x00000069bb300000,0x00000069bb400000) (1024K)]
  0x000001d8b857ceb0 JavaThread "Attach Listener"            daemon [_thread_blocked, id=4456, stack(0x00000069bb400000,0x00000069bb500000) (1024K)]
  0x000001d8b857d900 JavaThread "Service Thread"             daemon [_thread_blocked, id=10060, stack(0x00000069bb500000,0x00000069bb600000) (1024K)]
  0x000001d8b857e350 JavaThread "Monitor Deflation Thread"   daemon [_thread_blocked, id=11440, stack(0x00000069bb600000,0x00000069bb700000) (1024K)]
=>0x000001d8b857f0d0 JavaThread "C2 CompilerThread0"         daemon [_thread_in_native, id=9652, stack(0x00000069bb700000,0x00000069bb800000) (1024K)]
  0x000001d8b8584290 JavaThread "C1 CompilerThread0"         daemon [_thread_blocked, id=16064, stack(0x00000069bb800000,0x00000069bb900000) (1024K)]
  0x000001d8b86f7a50 JavaThread "Common-Cleaner"             daemon [_thread_blocked, id=13236, stack(0x00000069bb900000,0x00000069bba00000) (1024K)]
  0x000001d8b888bb50 JavaThread "Notification Thread"        daemon [_thread_blocked, id=10372, stack(0x00000069bba00000,0x00000069bbb00000) (1024K)]
  0x000001d8be05afc0 JavaThread "Daemon health stats"               [_thread_blocked, id=16988, stack(0x00000069bbf00000,0x00000069bc000000) (1024K)]
  0x000001d8be776a80 JavaThread "Incoming local TCP Connector on port 51036"        [_thread_in_native, id=4848, stack(0x00000069bc000000,0x00000069bc100000) (1024K)]
  0x000001d8be832f50 JavaThread "Daemon periodic checks"            [_thread_blocked, id=13876, stack(0x00000069bc100000,0x00000069bc200000) (1024K)]
  0x000001d8be84efb0 JavaThread "Daemon"                            [_thread_blocked, id=5920, stack(0x00000069bc200000,0x00000069bc300000) (1024K)]
  0x000001d8be9a0150 JavaThread "Handler for socket connection from /127.0.0.1:51036 to /127.0.0.1:51037"        [_thread_in_native, id=16980, stack(0x00000069bc300000,0x00000069bc400000) (1024K)]
  0x000001d8be9e1230 JavaThread "Cancel handler"                    [_thread_blocked, id=2928, stack(0x00000069bc400000,0x00000069bc500000) (1024K)]
  0x000001d8be7f25f0 JavaThread "Daemon worker"                     [_thread_blocked, id=13168, stack(0x00000069bc500000,0x00000069bc600000) (1024K)]
  0x000001d8be7f3570 JavaThread "Asynchronous log dispatcher for DefaultDaemonConnection: socket connection from /127.0.0.1:51036 to /127.0.0.1:51037"        [_thread_blocked, id=12140, stack(0x00000069bc600000,0x00000069bc700000) (1024K)]
  0x000001d8be8292f0 JavaThread "Stdin handler"                     [_thread_blocked, id=17432, stack(0x00000069bc700000,0x00000069bc800000) (1024K)]
  0x000001d8be816630 JavaThread "Daemon client event forwarder"        [_thread_blocked, id=9980, stack(0x00000069bc800000,0x00000069bc900000) (1024K)]
  0x000001d8be819420 JavaThread "Cache worker for journal cache (C:\Users\Anastasija\.gradle\caches\journal-1)"        [_thread_blocked, id=16220, stack(0x00000069bc900000,0x00000069bca00000) (1024K)]
  0x000001d8be817350 JavaThread "File lock request listener"        [_thread_in_native, id=2672, stack(0x00000069bca00000,0x00000069bcb00000) (1024K)]
  0x000001d8be819ab0 JavaThread "Cache worker for file hash cache (C:\Users\Anastasija\.gradle\caches\8.13\fileHashes)"        [_thread_blocked, id=4492, stack(0x00000069bcb00000,0x00000069bcc00000) (1024K)]
  0x000001d8be818700 JavaThread "Cache worker for file hash cache (C:\Users\Anastasija\Desktop\kaca\Vendly-main\Vendly-main\.gradle\8.13\fileHashes)"        [_thread_blocked, id=3252, stack(0x00000069bcc00000,0x00000069bcd00000) (1024K)]
  0x000001d8be816cc0 JavaThread "Cache worker for Build Output Cleanup Cache (C:\Users\Anastasija\Desktop\kaca\Vendly-main\Vendly-main\.gradle\buildOutputCleanup)"        [_thread_blocked, id=9908, stack(0x00000069bcd00000,0x00000069bce00000) (1024K)]
  0x000001d8be818d90 JavaThread "File watcher server"        daemon [_thread_in_native, id=15800, stack(0x00000069bce00000,0x00000069bcf00000) (1024K)]
  0x000001d8be8179e0 JavaThread "File watcher consumer"      daemon [_thread_blocked, id=10860, stack(0x00000069bcf00000,0x00000069bd000000) (1024K)]
  0x000001d8bf0cb210 JavaThread "Cache worker for checksums cache (C:\Users\Anastasija\Desktop\kaca\Vendly-main\Vendly-main\.gradle\8.13\checksums)"        [_thread_blocked, id=9988, stack(0x00000069bd000000,0x00000069bd100000) (1024K)]
  0x000001d8bf0c97d0 JavaThread "Cache worker for file content cache (C:\Users\Anastasija\.gradle\caches\8.13\fileContent)"        [_thread_blocked, id=8264, stack(0x00000069bd100000,0x00000069bd200000) (1024K)]
  0x000001d8bf0c8ab0 JavaThread "Cache worker for cache directory md-supplier (C:\Users\Anastasija\.gradle\caches\8.13\md-supplier)"        [_thread_blocked, id=4680, stack(0x00000069bd200000,0x00000069bd300000) (1024K)]
  0x000001d8bf0cb8a0 JavaThread "Cache worker for cache directory md-rule (C:\Users\Anastasija\.gradle\caches\8.13\md-rule)"        [_thread_blocked, id=10408, stack(0x00000069bd300000,0x00000069bd400000) (1024K)]
  0x000001d8bf0cab80 JavaThread "Unconstrained build operations"        [_thread_blocked, id=3688, stack(0x00000069bd400000,0x00000069bd500000) (1024K)]
  0x000001d8bf0cbf30 JavaThread "Unconstrained build operations Thread 2"        [_thread_blocked, id=2432, stack(0x00000069bd500000,0x00000069bd600000) (1024K)]
  0x000001d8bf0cc5c0 JavaThread "Unconstrained build operations Thread 3"        [_thread_blocked, id=1232, stack(0x00000069bd600000,0x00000069bd700000) (1024K)]
  0x000001d8bf0c9140 JavaThread "Unconstrained build operations Thread 4"        [_thread_blocked, id=15448, stack(0x00000069bd700000,0x00000069bd800000) (1024K)]
  0x000001d8bf0c9e60 JavaThread "Unconstrained build operations Thread 5"        [_thread_blocked, id=16084, stack(0x00000069bd800000,0x00000069bd900000) (1024K)]
  0x000001d8bf0cf3b0 JavaThread "Unconstrained build operations Thread 6"        [_thread_blocked, id=5836, stack(0x00000069bd900000,0x00000069bda00000) (1024K)]
  0x000001d8bf0cd2e0 JavaThread "Unconstrained build operations Thread 7"        [_thread_blocked, id=10728, stack(0x00000069bda00000,0x00000069bdb00000) (1024K)]
  0x000001d8bf0ced20 JavaThread "Unconstrained build operations Thread 8"        [_thread_blocked, id=7028, stack(0x00000069bdb00000,0x00000069bdc00000) (1024K)]
  0x000001d8bf0ce690 JavaThread "Unconstrained build operations Thread 9"        [_thread_blocked, id=14076, stack(0x00000069bdc00000,0x00000069bdd00000) (1024K)]
  0x000001d8c02de410 JavaThread "build event listener"              [_thread_blocked, id=4916, stack(0x00000069bdd00000,0x00000069bde00000) (1024K)]
  0x000001d8c02dbcb0 JavaThread "Memory manager"                    [_thread_blocked, id=14360, stack(0x00000069bde00000,0x00000069bdf00000) (1024K)]
  0x000001d8c02df130 JavaThread "build event listener"              [_thread_blocked, id=12976, stack(0x00000069bdf00000,0x00000069be000000) (1024K)]
  0x000001d8b87607d0 JavaThread "included builds"                   [_thread_blocked, id=17744, stack(0x00000069be000000,0x00000069be100000) (1024K)]
  0x000001d8b875d350 JavaThread "Execution worker"                  [_thread_blocked, id=8548, stack(0x00000069be100000,0x00000069be200000) (1024K)]
  0x000001d8b8762210 JavaThread "Execution worker Thread 2"         [_thread_in_native, id=2304, stack(0x00000069be200000,0x00000069be300000) (1024K)]
  0x000001d8b87628a0 JavaThread "Execution worker Thread 3"         [_thread_blocked, id=14896, stack(0x00000069be300000,0x00000069be400000) (1024K)]
  0x000001d8b87642e0 JavaThread "Cache worker for execution history cache (C:\Users\Anastasija\Desktop\kaca\Vendly-main\Vendly-main\.gradle\8.13\executionHistory)"        [_thread_blocked, id=12228, stack(0x00000069be400000,0x00000069be500000) (1024K)]
  0x000001d8c2f296d0 JavaThread "Unconstrained build operations Thread 10"        [_thread_in_native, id=8452, stack(0x00000069be500000,0x00000069be600000) (1024K)]
  0x000001d8c2f26250 JavaThread "Unconstrained build operations Thread 11"        [_thread_in_native, id=18448, stack(0x00000069be600000,0x00000069be700000) (1024K)]
  0x000001d8c2f28320 JavaThread "Unconstrained build operations Thread 12"        [_thread_in_native, id=6556, stack(0x00000069be700000,0x00000069be800000) (1024K)]
  0x000001d8c1fb0650 JavaThread "C2 CompilerThread1"         daemon [_thread_in_native, id=664, stack(0x00000069bbd00000,0x00000069bbe00000) (1024K)]
Total: 53

Other Threads:
  0x000001d8b83a7980 VMThread "VM Thread"                           [id=7784, stack(0x00000069bb000000,0x00000069bb100000) (1024K)]
  0x000001d8b8363890 WatcherThread "VM Periodic Task Thread"        [id=13432, stack(0x00000069baf00000,0x00000069bb000000) (1024K)]
  0x000001d8a15d3a50 WorkerThread "GC Thread#0"                     [id=16288, stack(0x00000069baa00000,0x00000069bab00000) (1024K)]
  0x000001d8bd0ff8c0 WorkerThread "GC Thread#1"                     [id=1584, stack(0x00000069bbb00000,0x00000069bbc00000) (1024K)]
  0x000001d8bd0c55e0 WorkerThread "GC Thread#2"                     [id=18860, stack(0x00000069bbc00000,0x00000069bbd00000) (1024K)]
  0x000001d8bdba8660 WorkerThread "GC Thread#3"                     [id=17088, stack(0x00000069bbe00000,0x00000069bbf00000) (1024K)]
  0x000001d8a15e5780 ConcurrentGCThread "G1 Main Marker"            [id=19240, stack(0x00000069bab00000,0x00000069bac00000) (1024K)]
  0x000001d8a15e6930 WorkerThread "G1 Conc#0"                       [id=11144, stack(0x00000069bac00000,0x00000069bad00000) (1024K)]
  0x000001d8b82334e0 ConcurrentGCThread "G1 Refine#0"               [id=8400, stack(0x00000069bad00000,0x00000069bae00000) (1024K)]
  0x000001d8a163eb10 ConcurrentGCThread "G1 Service"                [id=8384, stack(0x00000069bae00000,0x00000069baf00000) (1024K)]
Total: 10

Threads with active compile tasks:
C2 CompilerThread0  24774 13566       4       org.gradle.internal.snapshot.impl.DirectorySnapshotterStatistics$CollectingFileVisitor::visitFile (10 bytes)
C2 CompilerThread1  24774 13565   !   4       org.gradle.internal.snapshot.impl.DirectorySnapshotter$PathVisitor::doVisitFile (194 bytes)
Total: 2

VM state: not at safepoint (normal execution)

VM Mutex/Monitor currently owned by a thread: None

Heap address: 0x0000000080000000, size: 2048 MB, Compressed Oops mode: 32-bit

CDS archive(s) not mapped
Compressed class space mapped at: 0x0000000100000000-0x0000000140000000, reserved size: 1073741824
Narrow klass base: 0x0000000000000000, Narrow klass shift: 3, Narrow klass range: 0x140000000

GC Precious Log:
 CardTable entry size: 512
 Card Set container configuration: InlinePtr #cards 5 size 8 Array Of Cards #cards 12 size 40 Howl #buckets 4 coarsen threshold 1843 Howl Bitmap #cards 512 size 80 coarsen threshold 460 Card regions per heap region 1 cards per card region 2048
 CPUs: 4 total, 4 available
 Memory: 7834M
 Large Page Support: Disabled
 NUMA Support: Disabled
 Compressed Oops: Enabled (32-bit)
 Heap Region Size: 1M
 Heap Min Capacity: 8M
 Heap Initial Capacity: 124M
 Heap Max Capacity: 2G
 Pre-touch: Disabled
 Parallel Workers: 4
 Concurrent Workers: 1
 Concurrent Refinement Workers: 4
 Periodic GC: Disabled

Heap:
 garbage-first heap   total 183296K, used 120832K [0x0000000080000000, 0x0000000100000000)
  region size 1024K, 9 young (9216K), 7 survivors (7168K)
 Metaspace       used 116512K, committed 118784K, reserved 1179648K
  class space    used 15869K, committed 17024K, reserved 1048576K

Heap Regions: E=young(eden), S=young(survivor), O=old, HS=humongous(starts), HC=humongous(continues), CS=collection set, F=free, TAMS=top-at-mark-start, PB=parsable bottom
|   0|0x0000000080000000, 0x0000000080100000, 0x0000000080100000|100%|HS|  |TAMS 0x0000000080100000| PB 0x0000000080000000| Complete 
|   1|0x0000000080100000, 0x0000000080200000, 0x0000000080200000|100%|HC|  |TAMS 0x0000000080200000| PB 0x0000000080100000| Complete 
|   2|0x0000000080200000, 0x0000000080300000, 0x0000000080300000|100%|HC|  |TAMS 0x0000000080300000| PB 0x0000000080200000| Complete 
|   3|0x0000000080300000, 0x0000000080400000, 0x0000000080400000|100%| O|  |TAMS 0x0000000080400000| PB 0x0000000080300000| Untracked 
|   4|0x0000000080400000, 0x0000000080500000, 0x0000000080500000|100%| O|  |TAMS 0x0000000080500000| PB 0x0000000080400000| Untracked 
|   5|0x0000000080500000, 0x0000000080600000, 0x0000000080600000|100%| O|  |TAMS 0x0000000080600000| PB 0x0000000080500000| Untracked 
|   6|0x0000000080600000, 0x0000000080700000, 0x0000000080700000|100%| O|  |TAMS 0x0000000080700000| PB 0x0000000080600000| Untracked 
|   7|0x0000000080700000, 0x0000000080800000, 0x0000000080800000|100%|HS|  |TAMS 0x0000000080800000| PB 0x0000000080700000| Complete 
|   8|0x0000000080800000, 0x0000000080900000, 0x0000000080900000|100%| O|  |TAMS 0x0000000080900000| PB 0x0000000080800000| Untracked 
|   9|0x0000000080900000, 0x0000000080a00000, 0x0000000080a00000|100%| O|  |TAMS 0x0000000080a00000| PB 0x0000000080900000| Untracked 
|  10|0x0000000080a00000, 0x0000000080b00000, 0x0000000080b00000|100%| O|  |TAMS 0x0000000080b00000| PB 0x0000000080a00000| Untracked 
|  11|0x0000000080b00000, 0x0000000080c00000, 0x0000000080c00000|100%| O|  |TAMS 0x0000000080c00000| PB 0x0000000080b00000| Untracked 
|  12|0x0000000080c00000, 0x0000000080d00000, 0x0000000080d00000|100%| O|  |TAMS 0x0000000080d00000| PB 0x0000000080c00000| Untracked 
|  13|0x0000000080d00000, 0x0000000080e00000, 0x0000000080e00000|100%| O|  |TAMS 0x0000000080e00000| PB 0x0000000080d00000| Untracked 
|  14|0x0000000080e00000, 0x0000000080f00000, 0x0000000080f00000|100%| O|  |TAMS 0x0000000080f00000| PB 0x0000000080e00000| Untracked 
|  15|0x0000000080f00000, 0x0000000081000000, 0x0000000081000000|100%| O|  |TAMS 0x0000000081000000| PB 0x0000000080f00000| Untracked 
|  16|0x0000000081000000, 0x0000000081100000, 0x0000000081100000|100%| O|  |TAMS 0x0000000081100000| PB 0x0000000081000000| Untracked 
|  17|0x0000000081100000, 0x0000000081200000, 0x0000000081200000|100%| O|  |TAMS 0x0000000081200000| PB 0x0000000081100000| Untracked 
|  18|0x0000000081200000, 0x0000000081300000, 0x0000000081300000|100%| O|  |TAMS 0x0000000081300000| PB 0x0000000081200000| Untracked 
|  19|0x0000000081300000, 0x0000000081400000, 0x0000000081400000|100%| O|  |TAMS 0x0000000081400000| PB 0x0000000081300000| Untracked 
|  20|0x0000000081400000, 0x0000000081500000, 0x0000000081500000|100%| O|  |TAMS 0x0000000081500000| PB 0x0000000081400000| Untracked 
|  21|0x0000000081500000, 0x0000000081600000, 0x0000000081600000|100%| O|  |TAMS 0x0000000081600000| PB 0x0000000081500000| Untracked 
|  22|0x0000000081600000, 0x0000000081700000, 0x0000000081700000|100%| O|  |TAMS 0x0000000081700000| PB 0x0000000081600000| Untracked 
|  23|0x0000000081700000, 0x0000000081800000, 0x0000000081800000|100%| O|  |TAMS 0x0000000081800000| PB 0x0000000081700000| Untracked 
|  24|0x0000000081800000, 0x0000000081900000, 0x0000000081900000|100%| O|  |TAMS 0x0000000081900000| PB 0x0000000081800000| Untracked 
|  25|0x0000000081900000, 0x0000000081a00000, 0x0000000081a00000|100%| O|  |TAMS 0x0000000081a00000| PB 0x0000000081900000| Untracked 
|  26|0x0000000081a00000, 0x0000000081b00000, 0x0000000081b00000|100%| O|  |TAMS 0x0000000081b00000| PB 0x0000000081a00000| Untracked 
|  27|0x0000000081b00000, 0x0000000081c00000, 0x0000000081c00000|100%| O|  |TAMS 0x0000000081c00000| PB 0x0000000081b00000| Untracked 
|  28|0x0000000081c00000, 0x0000000081d00000, 0x0000000081d00000|100%| O|  |TAMS 0x0000000081d00000| PB 0x0000000081c00000| Untracked 
|  29|0x0000000081d00000, 0x0000000081e00000, 0x0000000081e00000|100%| O|  |TAMS 0x0000000081e00000| PB 0x0000000081d00000| Untracked 
|  30|0x0000000081e00000, 0x0000000081f00000, 0x0000000081f00000|100%| O|  |TAMS 0x0000000081f00000| PB 0x0000000081e00000| Untracked 
|  31|0x0000000081f00000, 0x0000000082000000, 0x0000000082000000|100%| O|  |TAMS 0x0000000082000000| PB 0x0000000081f00000| Untracked 
|  32|0x0000000082000000, 0x0000000082100000, 0x0000000082100000|100%| O|  |TAMS 0x0000000082100000| PB 0x0000000082000000| Untracked 
|  33|0x0000000082100000, 0x0000000082200000, 0x0000000082200000|100%| O|  |TAMS 0x0000000082200000| PB 0x0000000082100000| Untracked 
|  34|0x0000000082200000, 0x0000000082300000, 0x0000000082300000|100%| O|  |TAMS 0x0000000082300000| PB 0x0000000082200000| Untracked 
|  35|0x0000000082300000, 0x0000000082400000, 0x0000000082400000|100%| O|  |TAMS 0x0000000082400000| PB 0x0000000082300000| Untracked 
|  36|0x0000000082400000, 0x0000000082500000, 0x0000000082500000|100%| O|  |TAMS 0x0000000082500000| PB 0x0000000082400000| Untracked 
|  37|0x0000000082500000, 0x0000000082600000, 0x0000000082600000|100%| O|  |TAMS 0x0000000082600000| PB 0x0000000082500000| Untracked 
|  38|0x0000000082600000, 0x0000000082700000, 0x0000000082700000|100%| O|  |TAMS 0x0000000082700000| PB 0x0000000082600000| Untracked 
|  39|0x0000000082700000, 0x0000000082800000, 0x0000000082800000|100%| O|  |TAMS 0x0000000082800000| PB 0x0000000082700000| Untracked 
|  40|0x0000000082800000, 0x0000000082900000, 0x0000000082900000|100%| O|  |TAMS 0x0000000082900000| PB 0x0000000082800000| Untracked 
|  41|0x0000000082900000, 0x0000000082a00000, 0x0000000082a00000|100%| O|  |TAMS 0x0000000082a00000| PB 0x0000000082900000| Untracked 
|  42|0x0000000082a00000, 0x0000000082b00000, 0x0000000082b00000|100%| O|  |TAMS 0x0000000082b00000| PB 0x0000000082a00000| Untracked 
|  43|0x0000000082b00000, 0x0000000082c00000, 0x0000000082c00000|100%| O|  |TAMS 0x0000000082c00000| PB 0x0000000082b00000| Untracked 
|  44|0x0000000082c00000, 0x0000000082d00000, 0x0000000082d00000|100%| O|  |TAMS 0x0000000082d00000| PB 0x0000000082c00000| Untracked 
|  45|0x0000000082d00000, 0x0000000082e00000, 0x0000000082e00000|100%|HS|  |TAMS 0x0000000082e00000| PB 0x0000000082d00000| Complete 
|  46|0x0000000082e00000, 0x0000000082f00000, 0x0000000082f00000|100%| O|  |TAMS 0x0000000082f00000| PB 0x0000000082e00000| Untracked 
|  47|0x0000000082f00000, 0x0000000083000000, 0x0000000083000000|100%|HS|  |TAMS 0x0000000083000000| PB 0x0000000082f00000| Complete 
|  48|0x0000000083000000, 0x0000000083100000, 0x0000000083100000|100%|HS|  |TAMS 0x0000000083100000| PB 0x0000000083000000| Complete 
|  49|0x0000000083100000, 0x0000000083200000, 0x0000000083200000|100%|HC|  |TAMS 0x0000000083200000| PB 0x0000000083100000| Complete 
|  50|0x0000000083200000, 0x0000000083300000, 0x0000000083300000|100%|HS|  |TAMS 0x0000000083300000| PB 0x0000000083200000| Complete 
|  51|0x0000000083300000, 0x0000000083400000, 0x0000000083400000|100%|HC|  |TAMS 0x0000000083400000| PB 0x0000000083300000| Complete 
|  52|0x0000000083400000, 0x0000000083500000, 0x0000000083500000|100%| O|  |TAMS 0x0000000083500000| PB 0x0000000083400000| Untracked 
|  53|0x0000000083500000, 0x0000000083600000, 0x0000000083600000|100%| O|  |TAMS 0x0000000083600000| PB 0x0000000083500000| Untracked 
|  54|0x0000000083600000, 0x0000000083700000, 0x0000000083700000|100%| O|  |TAMS 0x0000000083700000| PB 0x0000000083600000| Untracked 
|  55|0x0000000083700000, 0x0000000083800000, 0x0000000083800000|100%| O|  |TAMS 0x0000000083800000| PB 0x0000000083700000| Untracked 
|  56|0x0000000083800000, 0x0000000083900000, 0x0000000083900000|100%|HS|  |TAMS 0x0000000083900000| PB 0x0000000083800000| Complete 
|  57|0x0000000083900000, 0x0000000083a00000, 0x0000000083a00000|100%|HS|  |TAMS 0x0000000083a00000| PB 0x0000000083900000| Complete 
|  58|0x0000000083a00000, 0x0000000083b00000, 0x0000000083b00000|100%|HC|  |TAMS 0x0000000083b00000| PB 0x0000000083a00000| Complete 
|  59|0x0000000083b00000, 0x0000000083c00000, 0x0000000083c00000|100%|HC|  |TAMS 0x0000000083c00000| PB 0x0000000083b00000| Complete 
|  60|0x0000000083c00000, 0x0000000083d00000, 0x0000000083d00000|100%|HS|  |TAMS 0x0000000083d00000| PB 0x0000000083c00000| Complete 
|  61|0x0000000083d00000, 0x0000000083e00000, 0x0000000083e00000|100%| O|  |TAMS 0x0000000083e00000| PB 0x0000000083d00000| Untracked 
|  62|0x0000000083e00000, 0x0000000083f00000, 0x0000000083f00000|100%|HS|  |TAMS 0x0000000083f00000| PB 0x0000000083e00000| Complete 
|  63|0x0000000083f00000, 0x0000000084000000, 0x0000000084000000|100%|HS|  |TAMS 0x0000000084000000| PB 0x0000000083f00000| Complete 
|  64|0x0000000084000000, 0x0000000084000000, 0x0000000084100000|  0%| F|  |TAMS 0x0000000084000000| PB 0x0000000084000000| Untracked 
|  65|0x0000000084100000, 0x0000000084200000, 0x0000000084200000|100%| O|  |TAMS 0x0000000084200000| PB 0x0000000084100000| Untracked 
|  66|0x0000000084200000, 0x0000000084300000, 0x0000000084300000|100%| O|  |TAMS 0x0000000084300000| PB 0x0000000084200000| Untracked 
|  67|0x0000000084300000, 0x0000000084400000, 0x0000000084400000|100%|HS|  |TAMS 0x0000000084400000| PB 0x0000000084300000| Complete 
|  68|0x0000000084400000, 0x0000000084500000, 0x0000000084500000|100%| O|  |TAMS 0x0000000084500000| PB 0x0000000084400000| Untracked 
|  69|0x0000000084500000, 0x0000000084600000, 0x0000000084600000|100%|HS|  |TAMS 0x0000000084600000| PB 0x0000000084500000| Complete 
|  70|0x0000000084600000, 0x0000000084700000, 0x0000000084700000|100%|HC|  |TAMS 0x0000000084700000| PB 0x0000000084600000| Complete 
|  71|0x0000000084700000, 0x0000000084800000, 0x0000000084800000|100%|HC|  |TAMS 0x0000000084800000| PB 0x0000000084700000| Complete 
|  72|0x0000000084800000, 0x0000000084900000, 0x0000000084900000|100%| O|  |TAMS 0x0000000084900000| PB 0x0000000084800000| Untracked 
|  73|0x0000000084900000, 0x0000000084a00000, 0x0000000084a00000|100%| O|  |TAMS 0x0000000084a00000| PB 0x0000000084900000| Untracked 
|  74|0x0000000084a00000, 0x0000000084b00000, 0x0000000084b00000|100%| O|  |TAMS 0x0000000084b00000| PB 0x0000000084a00000| Untracked 
|  75|0x0000000084b00000, 0x0000000084b00000, 0x0000000084c00000|  0%| F|  |TAMS 0x0000000084b00000| PB 0x0000000084b00000| Untracked 
|  76|0x0000000084c00000, 0x0000000084d00000, 0x0000000084d00000|100%| O|  |TAMS 0x0000000084d00000| PB 0x0000000084c00000| Untracked 
|  77|0x0000000084d00000, 0x0000000084e00000, 0x0000000084e00000|100%| O|  |TAMS 0x0000000084e00000| PB 0x0000000084d00000| Untracked 
|  78|0x0000000084e00000, 0x0000000084f00000, 0x0000000084f00000|100%| O|  |TAMS 0x0000000084f00000| PB 0x0000000084e00000| Untracked 
|  79|0x0000000084f00000, 0x0000000084f00000, 0x0000000085000000|  0%| F|  |TAMS 0x0000000084f00000| PB 0x0000000084f00000| Untracked 
|  80|0x0000000085000000, 0x0000000085100000, 0x0000000085100000|100%| O|  |TAMS 0x0000000085100000| PB 0x0000000085000000| Untracked 
|  81|0x0000000085100000, 0x0000000085200000, 0x0000000085200000|100%| O|  |TAMS 0x0000000085200000| PB 0x0000000085100000| Untracked 
|  82|0x0000000085200000, 0x0000000085300000, 0x0000000085300000|100%| O|  |TAMS 0x0000000085300000| PB 0x0000000085200000| Untracked 
|  83|0x0000000085300000, 0x0000000085400000, 0x0000000085400000|100%| O|  |TAMS 0x0000000085400000| PB 0x0000000085300000| Untracked 
|  84|0x0000000085400000, 0x0000000085500000, 0x0000000085500000|100%| O|  |TAMS 0x0000000085500000| PB 0x0000000085400000| Untracked 
|  85|0x0000000085500000, 0x0000000085600000, 0x0000000085600000|100%| O|  |TAMS 0x0000000085600000| PB 0x0000000085500000| Untracked 
|  86|0x0000000085600000, 0x0000000085700000, 0x0000000085700000|100%| O|  |TAMS 0x0000000085700000| PB 0x0000000085600000| Untracked 
|  87|0x0000000085700000, 0x0000000085800000, 0x0000000085800000|100%| O|  |TAMS 0x0000000085800000| PB 0x0000000085700000| Untracked 
|  88|0x0000000085800000, 0x0000000085900000, 0x0000000085900000|100%| O|  |TAMS 0x0000000085900000| PB 0x0000000085800000| Untracked 
|  89|0x0000000085900000, 0x0000000085a00000, 0x0000000085a00000|100%| O|  |TAMS 0x0000000085a00000| PB 0x0000000085900000| Untracked 
|  90|0x0000000085a00000, 0x0000000085b00000, 0x0000000085b00000|100%| O|  |TAMS 0x0000000085b00000| PB 0x0000000085a00000| Untracked 
|  91|0x0000000085b00000, 0x0000000085c00000, 0x0000000085c00000|100%| O|  |TAMS 0x0000000085c00000| PB 0x0000000085b00000| Untracked 
|  92|0x0000000085c00000, 0x0000000085d00000, 0x0000000085d00000|100%| O|  |TAMS 0x0000000085d00000| PB 0x0000000085c00000| Untracked 
|  93|0x0000000085d00000, 0x0000000085e00000, 0x0000000085e00000|100%| O|  |TAMS 0x0000000085e00000| PB 0x0000000085d00000| Untracked 
|  94|0x0000000085e00000, 0x0000000085f00000, 0x0000000085f00000|100%| O|  |TAMS 0x0000000085f00000| PB 0x0000000085e00000| Untracked 
|  95|0x0000000085f00000, 0x0000000086000000, 0x0000000086000000|100%| O|  |TAMS 0x0000000086000000| PB 0x0000000085f00000| Untracked 
|  96|0x0000000086000000, 0x0000000086100000, 0x0000000086100000|100%| O|  |TAMS 0x0000000086100000| PB 0x0000000086000000| Untracked 
|  97|0x0000000086100000, 0x0000000086200000, 0x0000000086200000|100%| O|  |TAMS 0x0000000086200000| PB 0x0000000086100000| Untracked 
|  98|0x0000000086200000, 0x0000000086300000, 0x0000000086300000|100%| O|  |TAMS 0x0000000086300000| PB 0x0000000086200000| Untracked 
|  99|0x0000000086300000, 0x0000000086400000, 0x0000000086400000|100%| O|  |TAMS 0x0000000086400000| PB 0x0000000086300000| Untracked 
| 100|0x0000000086400000, 0x0000000086500000, 0x0000000086500000|100%| O|  |TAMS 0x0000000086500000| PB 0x0000000086400000| Untracked 
| 101|0x0000000086500000, 0x0000000086600000, 0x0000000086600000|100%| O|  |TAMS 0x0000000086600000| PB 0x0000000086500000| Untracked 
| 102|0x0000000086600000, 0x0000000086700000, 0x0000000086700000|100%| O|  |TAMS 0x0000000086700000| PB 0x0000000086600000| Untracked 
| 103|0x0000000086700000, 0x0000000086800000, 0x0000000086800000|100%| O|  |TAMS 0x0000000086800000| PB 0x0000000086700000| Untracked 
| 104|0x0000000086800000, 0x0000000086900000, 0x0000000086900000|100%| O|  |TAMS 0x0000000086900000| PB 0x0000000086800000| Untracked 
| 105|0x0000000086900000, 0x0000000086a00000, 0x0000000086a00000|100%| O|  |TAMS 0x0000000086a00000| PB 0x0000000086900000| Untracked 
| 106|0x0000000086a00000, 0x0000000086b00000, 0x0000000086b00000|100%| O|  |TAMS 0x0000000086b00000| PB 0x0000000086a00000| Untracked 
| 107|0x0000000086b00000, 0x0000000086c00000, 0x0000000086c00000|100%| O|  |TAMS 0x0000000086c00000| PB 0x0000000086b00000| Untracked 
| 108|0x0000000086c00000, 0x0000000086c00000, 0x0000000086d00000|  0%| F|  |TAMS 0x0000000086c00000| PB 0x0000000086c00000| Untracked 
| 109|0x0000000086d00000, 0x0000000086d00000, 0x0000000086e00000|  0%| F|  |TAMS 0x0000000086d00000| PB 0x0000000086d00000| Untracked 
| 110|0x0000000086e00000, 0x0000000086e00000, 0x0000000086f00000|  0%| F|  |TAMS 0x0000000086e00000| PB 0x0000000086e00000| Untracked 
| 111|0x0000000086f00000, 0x0000000086f00000, 0x0000000087000000|  0%| F|  |TAMS 0x0000000086f00000| PB 0x0000000086f00000| Untracked 
| 112|0x0000000087000000, 0x0000000087000000, 0x0000000087100000|  0%| F|  |TAMS 0x0000000087000000| PB 0x0000000087000000| Untracked 
| 113|0x0000000087100000, 0x0000000087200000, 0x0000000087200000|100%| S|CS|TAMS 0x0000000087100000| PB 0x0000000087100000| Complete 
| 114|0x0000000087200000, 0x0000000087300000, 0x0000000087300000|100%| S|CS|TAMS 0x0000000087200000| PB 0x0000000087200000| Complete 
| 115|0x0000000087300000, 0x0000000087400000, 0x0000000087400000|100%| S|CS|TAMS 0x0000000087300000| PB 0x0000000087300000| Complete 
| 116|0x0000000087400000, 0x0000000087500000, 0x0000000087500000|100%| S|CS|TAMS 0x0000000087400000| PB 0x0000000087400000| Complete 
| 117|0x0000000087500000, 0x0000000087600000, 0x0000000087600000|100%| S|CS|TAMS 0x0000000087500000| PB 0x0000000087500000| Complete 
| 118|0x0000000087600000, 0x0000000087700000, 0x0000000087700000|100%| S|CS|TAMS 0x0000000087600000| PB 0x0000000087600000| Complete 
| 119|0x0000000087700000, 0x0000000087800000, 0x0000000087800000|100%| S|CS|TAMS 0x0000000087700000| PB 0x0000000087700000| Complete 
| 120|0x0000000087800000, 0x0000000087800000, 0x0000000087900000|  0%| F|  |TAMS 0x0000000087800000| PB 0x0000000087800000| Untracked 
| 121|0x0000000087900000, 0x0000000087900000, 0x0000000087a00000|  0%| F|  |TAMS 0x0000000087900000| PB 0x0000000087900000| Untracked 
| 122|0x0000000087a00000, 0x0000000087a00000, 0x0000000087b00000|  0%| F|  |TAMS 0x0000000087a00000| PB 0x0000000087a00000| Untracked 
| 123|0x0000000087b00000, 0x0000000087b00000, 0x0000000087c00000|  0%| F|  |TAMS 0x0000000087b00000| PB 0x0000000087b00000| Untracked 
| 124|0x0000000087c00000, 0x0000000087c00000, 0x0000000087d00000|  0%| F|  |TAMS 0x0000000087c00000| PB 0x0000000087c00000| Untracked 
| 125|0x0000000087d00000, 0x0000000087d00000, 0x0000000087e00000|  0%| F|  |TAMS 0x0000000087d00000| PB 0x0000000087d00000| Untracked 
| 126|0x0000000087e00000, 0x0000000087e00000, 0x0000000087f00000|  0%| F|  |TAMS 0x0000000087e00000| PB 0x0000000087e00000| Untracked 
| 127|0x0000000087f00000, 0x0000000087f00000, 0x0000000088000000|  0%| F|  |TAMS 0x0000000087f00000| PB 0x0000000087f00000| Untracked 
| 128|0x0000000088000000, 0x0000000088000000, 0x0000000088100000|  0%| F|  |TAMS 0x0000000088000000| PB 0x0000000088000000| Untracked 
| 129|0x0000000088100000, 0x0000000088100000, 0x0000000088200000|  0%| F|  |TAMS 0x0000000088100000| PB 0x0000000088100000| Untracked 
| 130|0x0000000088200000, 0x0000000088200000, 0x0000000088300000|  0%| F|  |TAMS 0x0000000088200000| PB 0x0000000088200000| Untracked 
| 131|0x0000000088300000, 0x0000000088300000, 0x0000000088400000|  0%| F|  |TAMS 0x0000000088300000| PB 0x0000000088300000| Untracked 
| 132|0x0000000088400000, 0x0000000088400000, 0x0000000088500000|  0%| F|  |TAMS 0x0000000088400000| PB 0x0000000088400000| Untracked 
| 133|0x0000000088500000, 0x0000000088500000, 0x0000000088600000|  0%| F|  |TAMS 0x0000000088500000| PB 0x0000000088500000| Untracked 
| 134|0x0000000088600000, 0x0000000088600000, 0x0000000088700000|  0%| F|  |TAMS 0x0000000088600000| PB 0x0000000088600000| Untracked 
| 135|0x0000000088700000, 0x0000000088700000, 0x0000000088800000|  0%| F|  |TAMS 0x0000000088700000| PB 0x0000000088700000| Untracked 
| 136|0x0000000088800000, 0x0000000088800000, 0x0000000088900000|  0%| F|  |TAMS 0x0000000088800000| PB 0x0000000088800000| Untracked 
| 137|0x0000000088900000, 0x0000000088900000, 0x0000000088a00000|  0%| F|  |TAMS 0x0000000088900000| PB 0x0000000088900000| Untracked 
| 138|0x0000000088a00000, 0x0000000088a00000, 0x0000000088b00000|  0%| F|  |TAMS 0x0000000088a00000| PB 0x0000000088a00000| Untracked 
| 139|0x0000000088b00000, 0x0000000088b00000, 0x0000000088c00000|  0%| F|  |TAMS 0x0000000088b00000| PB 0x0000000088b00000| Untracked 
| 140|0x0000000088c00000, 0x0000000088c00000, 0x0000000088d00000|  0%| F|  |TAMS 0x0000000088c00000| PB 0x0000000088c00000| Untracked 
| 141|0x0000000088d00000, 0x0000000088d00000, 0x0000000088e00000|  0%| F|  |TAMS 0x0000000088d00000| PB 0x0000000088d00000| Untracked 
| 142|0x0000000088e00000, 0x0000000088e00000, 0x0000000088f00000|  0%| F|  |TAMS 0x0000000088e00000| PB 0x0000000088e00000| Untracked 
| 143|0x0000000088f00000, 0x0000000088f00000, 0x0000000089000000|  0%| F|  |TAMS 0x0000000088f00000| PB 0x0000000088f00000| Untracked 
| 144|0x0000000089000000, 0x0000000089000000, 0x0000000089100000|  0%| F|  |TAMS 0x0000000089000000| PB 0x0000000089000000| Untracked 
| 145|0x0000000089100000, 0x0000000089100000, 0x0000000089200000|  0%| F|  |TAMS 0x0000000089100000| PB 0x0000000089100000| Untracked 
| 146|0x0000000089200000, 0x0000000089200000, 0x0000000089300000|  0%| F|  |TAMS 0x0000000089200000| PB 0x0000000089200000| Untracked 
| 147|0x0000000089300000, 0x0000000089300000, 0x0000000089400000|  0%| F|  |TAMS 0x0000000089300000| PB 0x0000000089300000| Untracked 
| 148|0x0000000089400000, 0x0000000089400000, 0x0000000089500000|  0%| F|  |TAMS 0x0000000089400000| PB 0x0000000089400000| Untracked 
| 149|0x0000000089500000, 0x0000000089500000, 0x0000000089600000|  0%| F|  |TAMS 0x0000000089500000| PB 0x0000000089500000| Untracked 
| 150|0x0000000089600000, 0x0000000089600000, 0x0000000089700000|  0%| F|  |TAMS 0x0000000089600000| PB 0x0000000089600000| Untracked 
| 151|0x0000000089700000, 0x0000000089700000, 0x0000000089800000|  0%| F|  |TAMS 0x0000000089700000| PB 0x0000000089700000| Untracked 
| 152|0x0000000089800000, 0x0000000089800000, 0x0000000089900000|  0%| F|  |TAMS 0x0000000089800000| PB 0x0000000089800000| Untracked 
| 153|0x0000000089900000, 0x0000000089900000, 0x0000000089a00000|  0%| F|  |TAMS 0x0000000089900000| PB 0x0000000089900000| Untracked 
| 154|0x0000000089a00000, 0x0000000089a00000, 0x0000000089b00000|  0%| F|  |TAMS 0x0000000089a00000| PB 0x0000000089a00000| Untracked 
| 155|0x0000000089b00000, 0x0000000089b00000, 0x0000000089c00000|  0%| F|  |TAMS 0x0000000089b00000| PB 0x0000000089b00000| Untracked 
| 156|0x0000000089c00000, 0x0000000089c00000, 0x0000000089d00000|  0%| F|  |TAMS 0x0000000089c00000| PB 0x0000000089c00000| Untracked 
| 157|0x0000000089d00000, 0x0000000089d00000, 0x0000000089e00000|  0%| F|  |TAMS 0x0000000089d00000| PB 0x0000000089d00000| Untracked 
| 158|0x0000000089e00000, 0x0000000089e00000, 0x0000000089f00000|  0%| F|  |TAMS 0x0000000089e00000| PB 0x0000000089e00000| Untracked 
| 159|0x0000000089f00000, 0x0000000089f00000, 0x000000008a000000|  0%| F|  |TAMS 0x0000000089f00000| PB 0x0000000089f00000| Untracked 
| 160|0x000000008a000000, 0x000000008a000000, 0x000000008a100000|  0%| F|  |TAMS 0x000000008a000000| PB 0x000000008a000000| Untracked 
| 161|0x000000008a100000, 0x000000008a100000, 0x000000008a200000|  0%| F|  |TAMS 0x000000008a100000| PB 0x000000008a100000| Untracked 
| 162|0x000000008a200000, 0x000000008a200000, 0x000000008a300000|  0%| F|  |TAMS 0x000000008a200000| PB 0x000000008a200000| Untracked 
| 163|0x000000008a300000, 0x000000008a300000, 0x000000008a400000|  0%| F|  |TAMS 0x000000008a300000| PB 0x000000008a300000| Untracked 
| 164|0x000000008a400000, 0x000000008a400000, 0x000000008a500000|  0%| F|  |TAMS 0x000000008a400000| PB 0x000000008a400000| Untracked 
| 165|0x000000008a500000, 0x000000008a500000, 0x000000008a600000|  0%| F|  |TAMS 0x000000008a500000| PB 0x000000008a500000| Untracked 
| 166|0x000000008a600000, 0x000000008a600000, 0x000000008a700000|  0%| F|  |TAMS 0x000000008a600000| PB 0x000000008a600000| Untracked 
| 167|0x000000008a700000, 0x000000008a700000, 0x000000008a800000|  0%| F|  |TAMS 0x000000008a700000| PB 0x000000008a700000| Untracked 
| 168|0x000000008a800000, 0x000000008a800000, 0x000000008a900000|  0%| F|  |TAMS 0x000000008a800000| PB 0x000000008a800000| Untracked 
| 169|0x000000008a900000, 0x000000008a900000, 0x000000008aa00000|  0%| F|  |TAMS 0x000000008a900000| PB 0x000000008a900000| Untracked 
| 170|0x000000008aa00000, 0x000000008aa00000, 0x000000008ab00000|  0%| F|  |TAMS 0x000000008aa00000| PB 0x000000008aa00000| Untracked 
|2040|0x00000000ff800000, 0x00000000ff900000, 0x00000000ff900000|100%| O|  |TAMS 0x00000000ff900000| PB 0x00000000ff800000| Untracked 
|2041|0x00000000ff900000, 0x00000000ff900000, 0x00000000ffa00000|  0%| F|  |TAMS 0x00000000ff900000| PB 0x00000000ff900000| Untracked 
|2042|0x00000000ffa00000, 0x00000000ffb00000, 0x00000000ffb00000|100%| O|  |TAMS 0x00000000ffb00000| PB 0x00000000ffa00000| Untracked 
|2043|0x00000000ffb00000, 0x00000000ffc00000, 0x00000000ffc00000|100%| O|  |TAMS 0x00000000ffc00000| PB 0x00000000ffb00000| Untracked 
|2044|0x00000000ffc00000, 0x00000000ffd00000, 0x00000000ffd00000|100%| O|  |TAMS 0x00000000ffd00000| PB 0x00000000ffc00000| Untracked 
|2045|0x00000000ffd00000, 0x00000000ffdc9f68, 0x00000000ffe00000| 78%| E|  |TAMS 0x00000000ffd00000| PB 0x00000000ffd00000| Complete 
|2046|0x00000000ffe00000, 0x00000000fff00000, 0x00000000fff00000|100%| O|  |TAMS 0x00000000fff00000| PB 0x00000000ffe00000| Untracked 
|2047|0x00000000fff00000, 0x0000000100000000, 0x0000000100000000|100%| E|CS|TAMS 0x00000000fff00000| PB 0x00000000fff00000| Complete 

Card table byte_map: [0x000001d8b3ad0000,0x000001d8b3ed0000] _byte_map_base: 0x000001d8b36d0000

Marking Bits: (CMBitMap*) 0x000001d8a15d4060
 Bits: [0x000001d8b3ed0000, 0x000001d8b5ed0000)

Polling page: 0x000001d89f590000

Metaspace:

Usage:
  Non-class:     98.28 MB used.
      Class:     15.50 MB used.
       Both:    113.78 MB used.

Virtual space:
  Non-class space:      128.00 MB reserved,      99.38 MB ( 78%) committed,  2 nodes.
      Class space:        1.00 GB reserved,      16.62 MB (  2%) committed,  1 nodes.
             Both:        1.12 GB reserved,     116.00 MB ( 10%) committed. 

Chunk freelists:
   Non-Class:  12.02 MB
       Class:  15.41 MB
        Both:  27.42 MB

MaxMetaspaceSize: unlimited
CompressedClassSpaceSize: 1.00 GB
Initial GC threshold: 21.00 MB
Current GC threshold: 187.31 MB
CDS: off
 - commit_granule_bytes: 65536.
 - commit_granule_words: 8192.
 - virtual_space_node_default_size: 8388608.
 - enlarge_chunks_in_place: 1.
 - use_allocation_guard: 0.


Internal statistics:

num_allocs_failed_limit: 12.
num_arena_births: 4300.
num_arena_deaths: 0.
num_vsnodes_births: 3.
num_vsnodes_deaths: 0.
num_space_committed: 1856.
num_space_uncommitted: 0.
num_chunks_returned_to_freelist: 12.
num_chunks_taken_from_freelist: 9155.
num_chunk_merges: 12.
num_chunk_splits: 5997.
num_chunks_enlarged: 3785.
num_inconsistent_stats: 0.

CodeHeap 'non-profiled nmethods': size=120000Kb used=7639Kb max_used=7639Kb free=112361Kb
 bounds [0x000001d8ac1a0000, 0x000001d8ac920000, 0x000001d8b36d0000]
CodeHeap 'profiled nmethods': size=120000Kb used=22350Kb max_used=22350Kb free=97649Kb
 bounds [0x000001d8a46d0000, 0x000001d8a5cb0000, 0x000001d8abc00000]
CodeHeap 'non-nmethods': size=5760Kb used=2419Kb max_used=2443Kb free=3340Kb
 bounds [0x000001d8abc00000, 0x000001d8abe80000, 0x000001d8ac1a0000]
 total_blobs=12719 nmethods=11819 adapters=804
 compilation: enabled
              stopped_count=0, restarted_count=0
 full_count=0

Compilation events (20 events):
Event: 24.553 Thread 0x000001d8b857f0d0 13556       4       java.util.ArrayList$ArrayListSpliterator::forEachRemaining (127 bytes)
Event: 24.556 Thread 0x000001d8b857f0d0 nmethod 13556 0x000001d8ac912690 code [0x000001d8ac912840, 0x000001d8ac912b68]
Event: 24.575 Thread 0x000001d8b8584290 13557       3       java.util.BitSet::get (69 bytes)
Event: 24.575 Thread 0x000001d8b8584290 nmethod 13557 0x000001d8a5ca2d10 code [0x000001d8a5ca2f60, 0x000001d8a5ca36d8]
Event: 24.583 Thread 0x000001d8b8584290 13558       3       org.gradle.api.internal.artifacts.ivyservice.modulecache.artifacts.DefaultModuleArtifactCache::lookup (14 bytes)
Event: 24.584 Thread 0x000001d8b8584290 nmethod 13558 0x000001d8a5ca3a10 code [0x000001d8a5ca3be0, 0x000001d8a5ca3ff0]
Event: 24.587 Thread 0x000001d8b8584290 13559       3       org.gradle.api.internal.artifacts.ivyservice.resolutionstrategy.DefaultCachePolicy$$Lambda/0x00000001007b1860::execute (16 bytes)
Event: 24.588 Thread 0x000001d8b8584290 nmethod 13559 0x000001d8a5ca4110 code [0x000001d8a5ca42e0, 0x000001d8a5ca46d0]
Event: 24.588 Thread 0x000001d8b8584290 13560       3       org.gradle.api.internal.artifacts.ivyservice.resolutionstrategy.DefaultCachePolicy::lambda$cacheChangingModulesFor$2 (18 bytes)
Event: 24.588 Thread 0x000001d8b8584290 nmethod 13560 0x000001d8a5ca4890 code [0x000001d8a5ca4a40, 0x000001d8a5ca4cb8]
Event: 24.604 Thread 0x000001d8c1fb0650 13561       4       java.lang.CharacterDataLatin1::equalsIgnoreCase (63 bytes)
Event: 24.605 Thread 0x000001d8c1fb0650 nmethod 13561 0x000001d8ac912e10 code [0x000001d8ac912fa0, 0x000001d8ac913050]
Event: 24.614 Thread 0x000001d8c1fb0650 13562       4       java.util.stream.Collectors::toList (26 bytes)
Event: 24.615 Thread 0x000001d8c1fb0650 nmethod 13562 0x000001d8ac913110 code [0x000001d8ac9132a0, 0x000001d8ac913388]
Event: 24.638 Thread 0x000001d8b857f0d0 13563   !   4       java.util.concurrent.ConcurrentHashMap::putVal (432 bytes)
Event: 24.639 Thread 0x000001d8c1fb0650 13564       4       java.util.stream.Collectors$$Lambda/0x000000010013bda0::get (8 bytes)
Event: 24.639 Thread 0x000001d8c1fb0650 nmethod 13564 0x000001d8ac913490 code [0x000001d8ac913620, 0x000001d8ac913710]
Event: 24.658 Thread 0x000001d8c1fb0650 13565   !   4       org.gradle.internal.snapshot.impl.DirectorySnapshotter$PathVisitor::doVisitFile (194 bytes)
Event: 24.665 Thread 0x000001d8b857f0d0 nmethod 13563 0x000001d8ac913810 code [0x000001d8ac913ac0, 0x000001d8ac915010]
Event: 24.667 Thread 0x000001d8b857f0d0 13566       4       org.gradle.internal.snapshot.impl.DirectorySnapshotterStatistics$CollectingFileVisitor::visitFile (10 bytes)

GC Heap History (20 events):
Event: 15.580 GC heap before
{Heap before GC invocations=33 (full 0):
 garbage-first heap   total 135168K, used 124891K [0x0000000080000000, 0x0000000100000000)
  region size 1024K, 43 young (44032K), 4 survivors (4096K)
 Metaspace       used 89152K, committed 91136K, reserved 1179648K
  class space    used 11948K, committed 12928K, reserved 1048576K
}
Event: 15.585 GC heap after
{Heap after GC invocations=34 (full 0):
 garbage-first heap   total 135168K, used 86308K [0x0000000080000000, 0x0000000100000000)
  region size 1024K, 4 young (4096K), 4 survivors (4096K)
 Metaspace       used 89152K, committed 91136K, reserved 1179648K
  class space    used 11948K, committed 12928K, reserved 1048576K
}
Event: 16.182 GC heap before
{Heap before GC invocations=34 (full 0):
 garbage-first heap   total 135168K, used 122148K [0x0000000080000000, 0x0000000100000000)
  region size 1024K, 39 young (39936K), 4 survivors (4096K)
 Metaspace       used 90660K, committed 92608K, reserved 1179648K
  class space    used 12179K, committed 13184K, reserved 1048576K
}
Event: 16.190 GC heap after
{Heap after GC invocations=35 (full 0):
 garbage-first heap   total 135168K, used 90402K [0x0000000080000000, 0x0000000100000000)
  region size 1024K, 5 young (5120K), 5 survivors (5120K)
 Metaspace       used 90660K, committed 92608K, reserved 1179648K
  class space    used 12179K, committed 13184K, reserved 1048576K
}
Event: 16.633 GC heap before
{Heap before GC invocations=36 (full 0):
 garbage-first heap   total 152576K, used 121122K [0x0000000080000000, 0x0000000100000000)
  region size 1024K, 35 young (35840K), 5 survivors (5120K)
 Metaspace       used 91573K, committed 93632K, reserved 1179648K
  class space    used 12293K, committed 13312K, reserved 1048576K
}
Event: 16.640 GC heap after
{Heap after GC invocations=37 (full 0):
 garbage-first heap   total 183296K, used 92373K [0x0000000080000000, 0x0000000100000000)
  region size 1024K, 3 young (3072K), 3 survivors (3072K)
 Metaspace       used 91573K, committed 93632K, reserved 1179648K
  class space    used 12293K, committed 13312K, reserved 1048576K
}
Event: 17.482 GC heap before
{Heap before GC invocations=37 (full 0):
 garbage-first heap   total 183296K, used 162005K [0x0000000080000000, 0x0000000100000000)
  region size 1024K, 71 young (72704K), 3 survivors (3072K)
 Metaspace       used 97031K, committed 99072K, reserved 1179648K
  class space    used 13178K, committed 14208K, reserved 1048576K
}
Event: 17.488 GC heap after
{Heap after GC invocations=38 (full 0):
 garbage-first heap   total 183296K, used 93733K [0x0000000080000000, 0x0000000100000000)
  region size 1024K, 6 young (6144K), 6 survivors (6144K)
 Metaspace       used 97031K, committed 99072K, reserved 1179648K
  class space    used 13178K, committed 14208K, reserved 1048576K
}
Event: 18.546 GC heap before
{Heap before GC invocations=38 (full 0):
 garbage-first heap   total 183296K, used 164389K [0x0000000080000000, 0x0000000100000000)
  region size 1024K, 75 young (76800K), 6 survivors (6144K)
 Metaspace       used 102457K, committed 104576K, reserved 1179648K
  class space    used 13977K, committed 15040K, reserved 1048576K
}
Event: 18.556 GC heap after
{Heap after GC invocations=39 (full 0):
 garbage-first heap   total 183296K, used 97520K [0x0000000080000000, 0x0000000100000000)
  region size 1024K, 9 young (9216K), 9 survivors (9216K)
 Metaspace       used 102457K, committed 104576K, reserved 1179648K
  class space    used 13977K, committed 15040K, reserved 1048576K
}
Event: 19.487 GC heap before
{Heap before GC invocations=39 (full 0):
 garbage-first heap   total 183296K, used 163056K [0x0000000080000000, 0x0000000100000000)
  region size 1024K, 73 young (74752K), 9 survivors (9216K)
 Metaspace       used 108350K, committed 110528K, reserved 1179648K
  class space    used 14794K, committed 15872K, reserved 1048576K
}
Event: 19.498 GC heap after
{Heap after GC invocations=40 (full 0):
 garbage-first heap   total 183296K, used 100742K [0x0000000080000000, 0x0000000100000000)
  region size 1024K, 7 young (7168K), 7 survivors (7168K)
 Metaspace       used 108350K, committed 110528K, reserved 1179648K
  class space    used 14794K, committed 15872K, reserved 1048576K
}
Event: 21.114 GC heap before
{Heap before GC invocations=40 (full 0):
 garbage-first heap   total 183296K, used 164230K [0x0000000080000000, 0x0000000100000000)
  region size 1024K, 70 young (71680K), 7 survivors (7168K)
 Metaspace       used 112751K, committed 115008K, reserved 1179648K
  class space    used 15428K, committed 16576K, reserved 1048576K
}
Event: 21.131 GC heap after
{Heap after GC invocations=41 (full 0):
 garbage-first heap   total 183296K, used 106496K [0x0000000080000000, 0x0000000100000000)
  region size 1024K, 9 young (9216K), 9 survivors (9216K)
 Metaspace       used 112751K, committed 115008K, reserved 1179648K
  class space    used 15428K, committed 16576K, reserved 1048576K
}
Event: 22.769 GC heap before
{Heap before GC invocations=42 (full 0):
 garbage-first heap   total 183296K, used 163840K [0x0000000080000000, 0x0000000100000000)
  region size 1024K, 65 young (66560K), 9 survivors (9216K)
 Metaspace       used 112998K, committed 115264K, reserved 1179648K
  class space    used 15438K, committed 16576K, reserved 1048576K
}
Event: 22.791 GC heap after
{Heap after GC invocations=43 (full 0):
 garbage-first heap   total 183296K, used 115712K [0x0000000080000000, 0x0000000100000000)
  region size 1024K, 9 young (9216K), 9 survivors (9216K)
 Metaspace       used 112998K, committed 115264K, reserved 1179648K
  class space    used 15438K, committed 16576K, reserved 1048576K
}
Event: 23.909 GC heap before
{Heap before GC invocations=43 (full 0):
 garbage-first heap   total 183296K, used 163840K [0x0000000080000000, 0x0000000100000000)
  region size 1024K, 56 young (57344K), 9 survivors (9216K)
 Metaspace       used 113731K, committed 115968K, reserved 1179648K
  class space    used 15526K, committed 16640K, reserved 1048576K
}
Event: 23.925 GC heap after
{Heap after GC invocations=44 (full 0):
 garbage-first heap   total 183296K, used 116736K [0x0000000080000000, 0x0000000100000000)
  region size 1024K, 4 young (4096K), 4 survivors (4096K)
 Metaspace       used 113731K, committed 115968K, reserved 1179648K
  class space    used 15526K, committed 16640K, reserved 1048576K
}
Event: 24.619 GC heap before
{Heap before GC invocations=44 (full 0):
 garbage-first heap   total 183296K, used 166912K [0x0000000080000000, 0x0000000100000000)
  region size 1024K, 54 young (55296K), 4 survivors (4096K)
 Metaspace       used 116512K, committed 118784K, reserved 1179648K
  class space    used 15869K, committed 17024K, reserved 1048576K
}
Event: 24.630 GC heap after
{Heap after GC invocations=45 (full 0):
 garbage-first heap   total 183296K, used 119808K [0x0000000080000000, 0x0000000100000000)
  region size 1024K, 7 young (7168K), 7 survivors (7168K)
 Metaspace       used 116512K, committed 118784K, reserved 1179648K
  class space    used 15869K, committed 17024K, reserved 1048576K
}

Dll operation events (3 events):
Event: 0.009 Loaded shared library C:\Program Files\Android\Android Studio\jbr\bin\java.dll
Event: 0.016 Loaded shared library C:\Program Files\Android\Android Studio\jbr\bin\zip.dll
Event: 0.736 Loaded shared library C:\Program Files\Android\Android Studio\jbr\bin\verify.dll

Deoptimization events (20 events):
Event: 24.441 Thread 0x000001d8c2f296d0 DEOPT PACKING pc=0x000001d8a5c8b8f9 sp=0x00000069be5fcdb0
Event: 24.441 Thread 0x000001d8c2f296d0 DEOPT UNPACKING pc=0x000001d8abc588e2 sp=0x00000069be5fc220 mode 0
Event: 24.442 Thread 0x000001d8c2f296d0 DEOPT PACKING pc=0x000001d8a5c8b8f9 sp=0x00000069be5fcdb0
Event: 24.442 Thread 0x000001d8c2f296d0 DEOPT UNPACKING pc=0x000001d8abc588e2 sp=0x00000069be5fc220 mode 0
Event: 24.453 Thread 0x000001d8c2f296d0 Uncommon trap: trap_request=0xffffff45 fr.pc=0x000001d8ac69f0ac relative=0x000000000000020c
Event: 24.453 Thread 0x000001d8c2f296d0 Uncommon trap: reason=unstable_if action=reinterpret pc=0x000001d8ac69f0ac method=java.lang.String.indexOf(Ljava/lang/String;)I @ 10 c2
Event: 24.453 Thread 0x000001d8c2f296d0 DEOPT PACKING pc=0x000001d8ac69f0ac sp=0x00000069be5fd150
Event: 24.453 Thread 0x000001d8c2f296d0 DEOPT UNPACKING pc=0x000001d8abc57da2 sp=0x00000069be5fd088 mode 2
Event: 24.453 Thread 0x000001d8c2f296d0 Uncommon trap: trap_request=0xffffff45 fr.pc=0x000001d8ac5af87c relative=0x00000000000001dc
Event: 24.453 Thread 0x000001d8c2f296d0 Uncommon trap: reason=unstable_if action=reinterpret pc=0x000001d8ac5af87c method=java.lang.String.indexOf(Ljava/lang/String;)I @ 10 c2
Event: 24.453 Thread 0x000001d8c2f296d0 DEOPT PACKING pc=0x000001d8ac5af87c sp=0x00000069be5fd0f0
Event: 24.453 Thread 0x000001d8c2f296d0 DEOPT UNPACKING pc=0x000001d8abc57da2 sp=0x00000069be5fd090 mode 2
Event: 24.466 Thread 0x000001d8c2f296d0 Uncommon trap: trap_request=0xffffff45 fr.pc=0x000001d8ac6bff2c relative=0x0000000000000f8c
Event: 24.466 Thread 0x000001d8c2f296d0 Uncommon trap: reason=unstable_if action=reinterpret pc=0x000001d8ac6bff2c method=java.util.concurrent.ConcurrentHashMap.putVal(Ljava/lang/Object;Ljava/lang/Object;Z)Ljava/lang/Object; @ 401 c2
Event: 24.466 Thread 0x000001d8c2f296d0 DEOPT PACKING pc=0x000001d8ac6bff2c sp=0x00000069be5fd0a0
Event: 24.466 Thread 0x000001d8c2f296d0 DEOPT UNPACKING pc=0x000001d8abc57da2 sp=0x00000069be5fd030 mode 2
Event: 24.469 Thread 0x000001d8c2f296d0 Uncommon trap: trap_request=0xffffff45 fr.pc=0x000001d8ac62fa40 relative=0x0000000000001320
Event: 24.469 Thread 0x000001d8c2f296d0 Uncommon trap: reason=unstable_if action=reinterpret pc=0x000001d8ac62fa40 method=java.util.concurrent.ConcurrentHashMap.transfer([Ljava/util/concurrent/ConcurrentHashMap$Node;[Ljava/util/concurrent/ConcurrentHashMap$Node;)V @ 352 c2
Event: 24.469 Thread 0x000001d8c2f296d0 DEOPT PACKING pc=0x000001d8ac62fa40 sp=0x00000069be5fcf10
Event: 24.469 Thread 0x000001d8c2f296d0 DEOPT UNPACKING pc=0x000001d8abc57da2 sp=0x00000069be5fcea8 mode 2

Classes loaded (20 events):
Event: 24.408 Loading class javax/net/ssl/SSLHandshakeException
Event: 24.408 Loading class javax/net/ssl/SSLHandshakeException done
Event: 24.427 Loading class java/net/ProxySelector
Event: 24.427 Loading class java/net/ProxySelector done
Event: 24.427 Loading class sun/net/spi/DefaultProxySelector
Event: 24.428 Loading class sun/net/spi/DefaultProxySelector done
Event: 24.428 Loading class sun/net/spi/DefaultProxySelector$1
Event: 24.428 Loading class sun/net/spi/DefaultProxySelector$1 done
Event: 24.466 Loading class java/util/concurrent/ConcurrentHashMap$TreeNode
Event: 24.466 Loading class java/util/concurrent/ConcurrentHashMap$TreeNode done
Event: 24.466 Loading class java/util/concurrent/ConcurrentHashMap$TreeBin
Event: 24.467 Loading class java/util/concurrent/ConcurrentHashMap$TreeBin done
Event: 24.517 Loading class java/net/ConnectException
Event: 24.518 Loading class java/net/ConnectException done
Event: 24.518 Loading class java/net/NoRouteToHostException
Event: 24.518 Loading class java/net/NoRouteToHostException done
Event: 24.572 Loading class sun/net/spi/DefaultProxySelector$NonProxyInfo
Event: 24.573 Loading class sun/net/spi/DefaultProxySelector$NonProxyInfo done
Event: 24.573 Loading class sun/net/spi/DefaultProxySelector$3
Event: 24.573 Loading class sun/net/spi/DefaultProxySelector$3 done

Classes unloaded (0 events):
No events

Classes redefined (0 events):
No events

Internal exceptions (20 events):
Event: 20.406 Thread 0x000001d8b87607d0 Exception <a 'java/lang/NoSuchMethodError'{0x00000000883b3730}: 'java.lang.Object java.lang.invoke.DirectMethodHandle$Holder.newInvokeSpecial(java.lang.Object, java.lang.Object, int, java.lang.Object, java.lang.Object)'> (0x00000000883b3730) 
thrown [s\src\hotspot\share\interpreter\linkResolver.cpp, line 784]
Event: 20.491 Thread 0x000001d8b87607d0 Exception <a 'java/lang/NoSuchMethodError'{0x0000000088093530}: 'java.lang.Object java.lang.invoke.DirectMethodHandle$Holder.invokeVirtual(java.lang.Object, java.lang.Object, java.lang.Object, java.lang.Object, java.lang.Object, java.lang.Object, java.lang.Object, java.lang.Object, java.lang.Object, java.lang.Object, java.lang.Object, java.lang.Object, java.lang.Object, java.lang.Object, java.lang.Object, java.lang.Object, java.lang.Object, java.lang.Object, java.lang.Object)'> (0x0000000088093530) 
thrown
Event: 20.507 Thread 0x000001d8be816630 Exception <a 'java/lang/NoSuchMethodError'{0x0000000087faa160}: static Lorg/gradle/internal/build/event/types/DefaultTaskStartedProgressEvent;.<clinit>()V> (0x0000000087faa160) 
thrown [s\src\hotspot\share\prims\jni.cpp, line 1139]
Event: 20.508 Thread 0x000001d8be816630 Exception <a 'java/lang/NoSuchMethodError'{0x0000000087fb5618}: static Lorg/gradle/internal/build/event/types/DefaultTaskDescriptor;.<clinit>()V> (0x0000000087fb5618) 
thrown [s\src\hotspot\share\prims\jni.cpp, line 1139]
Event: 20.534 Thread 0x000001d8be816630 Exception <a 'java/lang/NoSuchMethodError'{0x0000000087e3f800}: static Lorg/gradle/internal/build/event/types/DefaultTaskFinishedProgressEvent;.<clinit>()V> (0x0000000087e3f800) 
thrown [s\src\hotspot\share\prims\jni.cpp, line 1139]
Event: 20.536 Thread 0x000001d8be816630 Exception <a 'java/lang/NoSuchMethodError'{0x0000000087e55f90}: static Lorg/gradle/internal/build/event/types/DefaultTaskSuccessResult;.<clinit>()V> (0x0000000087e55f90) 
thrown [s\src\hotspot\share\prims\jni.cpp, line 1139]
Event: 20.536 Thread 0x000001d8be816630 Exception <a 'java/lang/NoSuchMethodError'{0x0000000087e576e8}: static Lorg/gradle/internal/build/event/types/AbstractTaskResult;.<clinit>()V> (0x0000000087e576e8) 
thrown [s\src\hotspot\share\prims\jni.cpp, line 1139]
Event: 20.561 Thread 0x000001d8c02df130 Exception <a 'java/lang/NoSuchMethodError'{0x0000000087d81178}: static Ljava/lang/Object;.<clinit>()V> (0x0000000087d81178) 
thrown [s\src\hotspot\share\prims\jni.cpp, line 1139]
Event: 20.564 Thread 0x000001d8c02df130 Exception <a 'java/lang/NoSuchMethodError'{0x0000000087d8c638}: static Lorg/jetbrains/kotlin/gradle/plugin/statistics/MetricContainer;.<clinit>()V> (0x0000000087d8c638) 
thrown [s\src\hotspot\share\prims\jni.cpp, line 1139]
Event: 20.564 Thread 0x000001d8c02de410 Exception <a 'java/lang/NoSuchMethodError'{0x0000000087ffebf0}: static Lcom/android/buildanalyzer/common/AndroidGradlePluginAttributionData$BuildInfo;.<clinit>()V> (0x0000000087ffebf0) 
thrown [s\src\hotspot\share\prims\jni.cpp, line 1139]
Event: 20.568 Thread 0x000001d8c02de410 Exception <a 'java/lang/NoSuchMethodError'{0x0000000087c01ad8}: static Lcom/android/buildanalyzer/common/AndroidGradlePluginAttributionData$JavaInfo;.<clinit>()V> (0x0000000087c01ad8) 
thrown [s\src\hotspot\share\prims\jni.cpp, line 1139]
Event: 20.571 Thread 0x000001d8c02de410 Exception <a 'java/lang/NoSuchMethodError'{0x0000000087c279e8}: static [Ljava/lang/String;.<clinit>()V> (0x0000000087c279e8) 
thrown [s\src\hotspot\share\prims\jni.cpp, line 1139]
Event: 20.572 Thread 0x000001d8c02de410 Exception <a 'java/lang/NoSuchMethodError'{0x0000000087c33db0}: static Lcom/android/buildanalyzer/common/AndroidGradlePluginAttributionData$TaskInfo;.<clinit>()V> (0x0000000087c33db0) 
thrown [s\src\hotspot\share\prims\jni.cpp, line 1139]
Event: 20.573 Thread 0x000001d8c02de410 Exception <a 'java/lang/NoSuchMethodError'{0x0000000087c5d3c8}: static Lcom/android/buildanalyzer/common/AndroidGradlePluginAttributionData$TaskCategoryInfo;.<clinit>()V> (0x0000000087c5d3c8) 
thrown [s\src\hotspot\share\prims\jni.cpp, line 1139]
Event: 20.600 Thread 0x000001d8b8762210 Exception <a 'sun/nio/fs/WindowsException'{0x0000000087b1c3a0}> (0x0000000087b1c3a0) 
thrown [s\src\hotspot\share\prims\jni.cpp, line 535]
Event: 20.629 Thread 0x000001d8be816630 Exception <a 'java/lang/NoSuchMethodError'{0x0000000087aeef88}: static Lorg/gradle/internal/build/event/types/DefaultTaskSkippedResult;.<clinit>()V> (0x0000000087aeef88) 
thrown [s\src\hotspot\share\prims\jni.cpp, line 1139]
Event: 20.703 Thread 0x000001d8b8762210 Exception <a 'java/lang/IncompatibleClassChangeError'{0x0000000087992c00}: Found class java.lang.Object, but interface was expected> (0x0000000087992c00) 
thrown [s\src\hotspot\share\interpreter\linkResolver.cpp, line 851]
Event: 20.806 Thread 0x000001d8b8762210 Exception <a 'java/lang/NoSuchMethodError'{0x00000000876a6028}: 'int java.lang.invoke.DirectMethodHandle$Holder.invokeSpecial(java.lang.Object, java.lang.Object, int)'> (0x00000000876a6028) 
thrown [s\src\hotspot\share\interpreter\linkResolver.cpp, line 784]
Event: 21.965 Thread 0x000001d8c2f26250 Implicit null exception at 0x000001d8ac6d37f9 to 0x000001d8ac6d39b0
Event: 23.859 Thread 0x000001d8c2f296d0 Exception <a 'sun/nio/fs/WindowsException'{0x00000000880010b0}> (0x00000000880010b0) 
thrown [s\src\hotspot\share\prims\jni.cpp, line 535]

ZGC Phase Switch (0 events):
No events

VM Operations (20 events):
Event: 22.769 Executing VM operation: G1CollectForAllocation (G1 Evacuation Pause)
Event: 22.791 Executing VM operation: G1CollectForAllocation (G1 Evacuation Pause) done
Event: 23.792 Executing VM operation: Cleanup
Event: 23.809 Executing VM operation: Cleanup done
Event: 23.867 Executing VM operation: HandshakeAllThreads (Deoptimize)
Event: 23.867 Executing VM operation: HandshakeAllThreads (Deoptimize) done
Event: 23.883 Executing VM operation: HandshakeAllThreads (Deoptimize)
Event: 23.884 Executing VM operation: HandshakeAllThreads (Deoptimize) done
Event: 23.891 Executing VM operation: HandshakeAllThreads (Deoptimize)
Event: 23.891 Executing VM operation: HandshakeAllThreads (Deoptimize) done
Event: 23.909 Executing VM operation: G1CollectForAllocation (G1 Evacuation Pause)
Event: 23.925 Executing VM operation: G1CollectForAllocation (G1 Evacuation Pause) done
Event: 24.050 Executing VM operation: HandshakeAllThreads (Deoptimize)
Event: 24.050 Executing VM operation: HandshakeAllThreads (Deoptimize) done
Event: 24.339 Executing VM operation: HandshakeAllThreads (Deoptimize)
Event: 24.339 Executing VM operation: HandshakeAllThreads (Deoptimize) done
Event: 24.401 Executing VM operation: HandshakeAllThreads (Deoptimize)
Event: 24.401 Executing VM operation: HandshakeAllThreads (Deoptimize) done
Event: 24.618 Executing VM operation: G1CollectForAllocation (G1 Evacuation Pause)
Event: 24.630 Executing VM operation: G1CollectForAllocation (G1 Evacuation Pause) done

Memory protections (0 events):
No events

Nmethod flushes (20 events):
Event: 21.291 Thread 0x000001d8b83a7980 flushing  nmethod 0x000001d8a4d7c610
Event: 21.291 Thread 0x000001d8b83a7980 flushing  nmethod 0x000001d8a4db4f90
Event: 21.291 Thread 0x000001d8b83a7980 flushing  nmethod 0x000001d8a4eb3a10
Event: 21.291 Thread 0x000001d8b83a7980 flushing  nmethod 0x000001d8a4eeb690
Event: 21.291 Thread 0x000001d8b83a7980 flushing  nmethod 0x000001d8a4f12110
Event: 21.291 Thread 0x000001d8b83a7980 flushing  nmethod 0x000001d8a4f45e90
Event: 21.291 Thread 0x000001d8b83a7980 flushing  nmethod 0x000001d8a4f9cf10
Event: 21.291 Thread 0x000001d8b83a7980 flushing  nmethod 0x000001d8a4f9e690
Event: 21.291 Thread 0x000001d8b83a7980 flushing  nmethod 0x000001d8a4face10
Event: 21.291 Thread 0x000001d8b83a7980 flushing  nmethod 0x000001d8a4fafd10
Event: 21.291 Thread 0x000001d8b83a7980 flushing  nmethod 0x000001d8a5042310
Event: 21.291 Thread 0x000001d8b83a7980 flushing  nmethod 0x000001d8a50e4210
Event: 21.291 Thread 0x000001d8b83a7980 flushing  nmethod 0x000001d8a5128490
Event: 21.291 Thread 0x000001d8b83a7980 flushing  nmethod 0x000001d8a5145390
Event: 21.291 Thread 0x000001d8b83a7980 flushing  nmethod 0x000001d8a518b290
Event: 21.291 Thread 0x000001d8b83a7980 flushing  nmethod 0x000001d8a51c8010
Event: 21.291 Thread 0x000001d8b83a7980 flushing  nmethod 0x000001d8a520b910
Event: 21.291 Thread 0x000001d8b83a7980 flushing  nmethod 0x000001d8a5249b10
Event: 21.291 Thread 0x000001d8b83a7980 flushing  nmethod 0x000001d8a5258e10
Event: 21.291 Thread 0x000001d8b83a7980 flushing  nmethod 0x000001d8a52ef510

Events (20 events):
Event: 9.160 Thread 0x000001d8be7f25f0 Thread added: 0x000001d8bf0ce690
Event: 10.391 Thread 0x000001d8bd097800 Thread exited: 0x000001d8bd097800
Event: 10.863 Thread 0x000001d8b8584290 Thread added: 0x000001d8be78d020
Event: 11.948 Thread 0x000001d8be7f25f0 Thread added: 0x000001d8c02de410
Event: 12.795 Thread 0x000001d8be7f25f0 Thread added: 0x000001d8c02dbcb0
Event: 13.082 Thread 0x000001d8be78d020 Thread exited: 0x000001d8be78d020
Event: 13.309 Thread 0x000001d8b8584290 Thread added: 0x000001d8bff48960
Event: 15.033 Thread 0x000001d8be7f25f0 Thread added: 0x000001d8c02df130
Event: 15.964 Thread 0x000001d8bff48960 Thread exited: 0x000001d8bff48960
Event: 16.470 Thread 0x000001d8b857f0d0 Thread added: 0x000001d8bd0278a0
Event: 20.400 Thread 0x000001d8be7f25f0 Thread added: 0x000001d8b87607d0
Event: 20.409 Thread 0x000001d8b87607d0 Thread added: 0x000001d8b875d350
Event: 20.409 Thread 0x000001d8b87607d0 Thread added: 0x000001d8b8762210
Event: 20.409 Thread 0x000001d8b87607d0 Thread added: 0x000001d8b87628a0
Event: 20.455 Thread 0x000001d8b87607d0 Thread added: 0x000001d8b87642e0
Event: 21.958 Thread 0x000001d8b8762210 Thread added: 0x000001d8c2f296d0
Event: 21.958 Thread 0x000001d8b8762210 Thread added: 0x000001d8c2f26250
Event: 21.958 Thread 0x000001d8b8762210 Thread added: 0x000001d8c2f28320
Event: 22.285 Thread 0x000001d8bd0278a0 Thread exited: 0x000001d8bd0278a0
Event: 24.052 Thread 0x000001d8b8584290 Thread added: 0x000001d8c1fb0650


Dynamic libraries:
0x00007ff6faac0000 - 0x00007ff6faaca000 	C:\Program Files\Android\Android Studio\jbr\bin\java.exe
0x00007fffa92a0000 - 0x00007fffa9508000 	C:\WINDOWS\SYSTEM32\ntdll.dll
0x00007fffa8600000 - 0x00007fffa86c9000 	C:\WINDOWS\System32\KERNEL32.DLL
0x00007fffa6890000 - 0x00007fffa6c82000 	C:\WINDOWS\System32\KERNELBASE.dll
0x00007fffa6c90000 - 0x00007fffa6ddb000 	C:\WINDOWS\System32\ucrtbase.dll
0x00007fffa2f10000 - 0x00007fffa2f28000 	C:\Program Files\Android\Android Studio\jbr\bin\jli.dll
0x00007fff85e30000 - 0x00007fff85e4b000 	C:\Program Files\Android\Android Studio\jbr\bin\VCRUNTIME140.dll
0x00007fffa8900000 - 0x00007fffa8ac5000 	C:\WINDOWS\System32\USER32.dll
0x00007fffa67d0000 - 0x00007fffa67f7000 	C:\WINDOWS\System32\win32u.dll
0x00007fff87220000 - 0x00007fff874b3000 	C:\WINDOWS\WinSxS\amd64_microsoft.windows.common-controls_6595b64144ccf1df_6.0.26100.6899_none_3e0efeeae32e88c1\COMCTL32.dll
0x00007fffa7950000 - 0x00007fffa797b000 	C:\WINDOWS\System32\GDI32.dll
0x00007fffa91b0000 - 0x00007fffa9259000 	C:\WINDOWS\System32\msvcrt.dll
0x00007fffa6f40000 - 0x00007fffa706d000 	C:\WINDOWS\System32\gdi32full.dll
0x00007fffa6720000 - 0x00007fffa67c3000 	C:\WINDOWS\System32\msvcp_win.dll
0x00007fffa86e0000 - 0x00007fffa870f000 	C:\WINDOWS\System32\IMM32.DLL
0x00007fff8d1c0000 - 0x00007fff8d1cc000 	C:\Program Files\Android\Android Studio\jbr\bin\vcruntime140_1.dll
0x00007fff78330000 - 0x00007fff783bd000 	C:\Program Files\Android\Android Studio\jbr\bin\msvcp140.dll
0x00007fff04e00000 - 0x00007fff05a8b000 	C:\Program Files\Android\Android Studio\jbr\bin\server\jvm.dll
0x00007fffa7530000 - 0x00007fffa75e4000 	C:\WINDOWS\System32\ADVAPI32.dll
0x00007fffa8550000 - 0x00007fffa85f6000 	C:\WINDOWS\System32\sechost.dll
0x00007fffa8720000 - 0x00007fffa8838000 	C:\WINDOWS\System32\RPCRT4.dll
0x00007fffa84d0000 - 0x00007fffa8544000 	C:\WINDOWS\System32\WS2_32.dll
0x00007fffa6290000 - 0x00007fffa62ee000 	C:\WINDOWS\SYSTEM32\POWRPROF.dll
0x00007fff9e3c0000 - 0x00007fff9e3f5000 	C:\WINDOWS\SYSTEM32\WINMM.dll
0x00007fff93df0000 - 0x00007fff93dfb000 	C:\WINDOWS\SYSTEM32\VERSION.dll
0x00007fffa6270000 - 0x00007fffa6284000 	C:\WINDOWS\SYSTEM32\UMPDC.dll
0x00007fffa5200000 - 0x00007fffa521b000 	C:\WINDOWS\SYSTEM32\kernel.appcore.dll
0x00007fff8ba10000 - 0x00007fff8ba1a000 	C:\Program Files\Android\Android Studio\jbr\bin\jimage.dll
0x00007fffa3a90000 - 0x00007fffa3cd2000 	C:\WINDOWS\SYSTEM32\DBGHELP.DLL
0x00007fffa8150000 - 0x00007fffa84cb000 	C:\WINDOWS\System32\combase.dll
0x00007fffa90d0000 - 0x00007fffa91a7000 	C:\WINDOWS\System32\OLEAUT32.dll
0x00007fff86380000 - 0x00007fff863bc000 	C:\WINDOWS\SYSTEM32\dbgcore.DLL
0x00007fffa6de0000 - 0x00007fffa6e78000 	C:\WINDOWS\System32\bcryptPrimitives.dll
0x00007fff8b920000 - 0x00007fff8b92e000 	C:\Program Files\Android\Android Studio\jbr\bin\instrument.dll
0x00007fff6d6d0000 - 0x00007fff6d6f0000 	C:\Program Files\Android\Android Studio\jbr\bin\java.dll
0x00007fff6b760000 - 0x00007fff6b778000 	C:\Program Files\Android\Android Studio\jbr\bin\zip.dll
0x00007fffa7980000 - 0x00007fffa80cd000 	C:\WINDOWS\System32\SHELL32.dll
0x00007fffa6430000 - 0x00007fffa659b000 	C:\WINDOWS\System32\wintypes.dll
0x00007fffa4060000 - 0x00007fffa48bd000 	C:\WINDOWS\SYSTEM32\windows.storage.dll
0x00007fffa73b0000 - 0x00007fffa74a2000 	C:\WINDOWS\System32\SHCORE.dll
0x00007fffa71a0000 - 0x00007fffa7202000 	C:\WINDOWS\System32\shlwapi.dll
0x00007fffa6350000 - 0x00007fffa6379000 	C:\WINDOWS\SYSTEM32\profapi.dll
0x00007fff8b9f0000 - 0x00007fff8ba00000 	C:\Program Files\Android\Android Studio\jbr\bin\net.dll
0x00007fff98e40000 - 0x00007fff98f5f000 	C:\WINDOWS\SYSTEM32\WINHTTP.dll
0x00007fffa5770000 - 0x00007fffa57db000 	C:\WINDOWS\system32\mswsock.dll
0x00007fff69400000 - 0x00007fff69416000 	C:\Program Files\Android\Android Studio\jbr\bin\nio.dll
0x00007fff8ba30000 - 0x00007fff8ba40000 	C:\Program Files\Android\Android Studio\jbr\bin\verify.dll
0x00007fff8b930000 - 0x00007fff8b957000 	C:\Users\Anastasija\.gradle\native\1def1411415f61bf3af743bc5b6707747c0891f09f0c88961ee8f79bc544acac\windows-amd64\native-platform.dll
0x00007fff3e940000 - 0x00007fff3e9b8000 	C:\Users\Anastasija\.gradle\native\0.2.7\x86_64-windows-gnu\gradle-fileevents.dll
0x00007fff89540000 - 0x00007fff89549000 	C:\Program Files\Android\Android Studio\jbr\bin\management.dll
0x00007fff89500000 - 0x00007fff8950b000 	C:\Program Files\Android\Android Studio\jbr\bin\management_ext.dll
0x00007fffa7090000 - 0x00007fffa7098000 	C:\WINDOWS\System32\PSAPI.DLL
0x00007fffa4c90000 - 0x00007fffa4cc4000 	C:\WINDOWS\SYSTEM32\IPHLPAPI.DLL
0x00007fffa86d0000 - 0x00007fffa86da000 	C:\WINDOWS\System32\NSI.dll
0x00007fff89550000 - 0x00007fff89559000 	C:\Program Files\Android\Android Studio\jbr\bin\extnet.dll
0x00007fffa5a30000 - 0x00007fffa5a4b000 	C:\WINDOWS\SYSTEM32\CRYPTSP.dll
0x00007fffa5160000 - 0x00007fffa519b000 	C:\WINDOWS\system32\rsaenh.dll
0x00007fffa5810000 - 0x00007fffa583b000 	C:\WINDOWS\SYSTEM32\USERENV.dll
0x00007fffa6320000 - 0x00007fffa6346000 	C:\WINDOWS\SYSTEM32\bcrypt.dll
0x00007fffa5a20000 - 0x00007fffa5a2c000 	C:\WINDOWS\SYSTEM32\CRYPTBASE.dll
0x00007fff94980000 - 0x00007fff94988000 	C:\WINDOWS\system32\wshunix.dll
0x00007fff94920000 - 0x00007fff94938000 	C:\WINDOWS\system32\napinsp.dll
0x00007fffa4cd0000 - 0x00007fffa4df6000 	C:\WINDOWS\SYSTEM32\DNSAPI.dll
0x00007fff94940000 - 0x00007fff94952000 	C:\WINDOWS\System32\winrnr.dll
0x00007fff6cd60000 - 0x00007fff6cd88000 	C:\WINDOWS\system32\nlansp_c.dll
0x00007fff78cd0000 - 0x00007fff78ce6000 	C:\WINDOWS\system32\wshbth.dll
0x00007fff98c70000 - 0x00007fff98c7b000 	C:\Windows\System32\rasadhlp.dll
0x00007fff99650000 - 0x00007fff996d6000 	C:\WINDOWS\System32\fwpuclnt.dll

dbghelp: loaded successfully - version: 4.0.5 - missing functions: none
symbol engine: initialized successfully - sym options: 0x614 - pdb path: .;C:\Program Files\Android\Android Studio\jbr\bin;C:\WINDOWS\SYSTEM32;C:\WINDOWS\WinSxS\amd64_microsoft.windows.common-controls_6595b64144ccf1df_6.0.26100.6899_none_3e0efeeae32e88c1;C:\Program Files\Android\Android Studio\jbr\bin\server;C:\Users\Anastasija\.gradle\native\1def1411415f61bf3af743bc5b6707747c0891f09f0c88961ee8f79bc544acac\windows-amd64;C:\Users\Anastasija\.gradle\native\0.2.7\x86_64-windows-gnu

VM Arguments:
jvm_args: --add-opens=java.base/java.lang=ALL-UNNAMED --add-opens=java.base/java.lang.invoke=ALL-UNNAMED --add-opens=java.base/java.util=ALL-UNNAMED --add-opens=java.prefs/java.util.prefs=ALL-UNNAMED --add-exports=jdk.compiler/com.sun.tools.javac.api=ALL-UNNAMED --add-exports=jdk.compiler/com.sun.tools.javac.util=ALL-UNNAMED --add-opens=java.base/java.util=ALL-UNNAMED --add-opens=java.prefs/java.util.prefs=ALL-UNNAMED --add-opens=java.base/java.nio.charset=ALL-UNNAMED --add-opens=java.base/java.net=ALL-UNNAMED --add-opens=java.base/java.util.concurrent.atomic=ALL-UNNAMED --add-opens=java.xml/javax.xml.namespace=ALL-UNNAMED -Xmx2048m -Dfile.encoding=UTF-8 -Duser.country=US -Duser.language=en -Duser.variant -javaagent:C:\Users\Anastasija\.gradle\wrapper\dists\gradle-8.13-bin\5xuhj0ry160q40clulazy9h7d\gradle-8.13\lib\agents\gradle-instrumentation-agent-8.13.jar 
java_command: org.gradle.launcher.daemon.bootstrap.GradleDaemon 8.13
java_class_path (initial): C:\Users\Anastasija\.gradle\wrapper\dists\gradle-8.13-bin\5xuhj0ry160q40clulazy9h7d\gradle-8.13\lib\gradle-daemon-main-8.13.jar
Launcher Type: SUN_STANDARD

[Global flags]
     intx CICompilerCount                          = 3                                         {product} {ergonomic}
     uint ConcGCThreads                            = 1                                         {product} {ergonomic}
     uint G1ConcRefinementThreads                  = 4                                         {product} {ergonomic}
   size_t G1HeapRegionSize                         = 1048576                                   {product} {ergonomic}
    uintx GCDrainStackTargetSize                   = 64                                        {product} {ergonomic}
   size_t InitialHeapSize                          = 130023424                                 {product} {ergonomic}
   size_t MarkStackSize                            = 4194304                                   {product} {ergonomic}
   size_t MaxHeapSize                              = 2147483648                                {product} {command line}
   size_t MaxNewSize                               = 1287651328                                {product} {ergonomic}
   size_t MinHeapDeltaBytes                        = 1048576                                   {product} {ergonomic}
   size_t MinHeapSize                              = 8388608                                   {product} {ergonomic}
    uintx NonNMethodCodeHeapSize                   = 5832780                                {pd product} {ergonomic}
    uintx NonProfiledCodeHeapSize                  = 122912730                              {pd product} {ergonomic}
    uintx ProfiledCodeHeapSize                     = 122912730                              {pd product} {ergonomic}
    uintx ReservedCodeCacheSize                    = 251658240                              {pd product} {ergonomic}
     bool SegmentedCodeCache                       = true                                      {product} {ergonomic}
   size_t SoftMaxHeapSize                          = 2147483648                             {manageable} {ergonomic}
     bool UseCompressedOops                        = true                           {product lp64_product} {ergonomic}
     bool UseG1GC                                  = true                                      {product} {ergonomic}
     bool UseLargePagesIndividualAllocation        = false                                  {pd product} {ergonomic}

Logging:
Log output configuration:
 #0: stdout all=warning uptime,level,tags foldmultilines=false
 #1: stderr all=off uptime,level,tags foldmultilines=false

Environment Variables:
JAVA_HOME=C:\Program Files\Eclipse Adoptium\jdk-17.0.16.8-hotspot
PATH=C:\Program Files\Eclipse Adoptium\jdk-17.0.16.8-hotspot\bin;C:\Program Files\Microsoft MPI\Bin\;C:\Program Files (x86)\Common Files\Oracle\Java\java8path;C:\Program Files (x86)\Common Files\Oracle\Java\javapath;C:\WINDOWS\system32;C:\WINDOWS;C:\WINDOWS\System32\Wbem;C:\WINDOWS\System32\WindowsPowerShell\v1.0\;C:\WINDOWS\System32\OpenSSH\;C:\Program Files\dotnet\;C:\Program Files\Microsoft SQL Server\Client SDK\ODBC\170\Tools\Binn\;C:\Program Files\Microsoft SQL Server\160\Tools\Binn\;C:\Program Files\Microsoft SQL Server\150\Tools\Binn\;C:\Program Files (x86)\Windows Kits\10\Windows Performance Toolkit\;C:\Program Files\CMake\bin;C:\Program Files\Git\cmd;C:\Program Files\Docker\Docker\resources\bin;C:\Program Files\nodejs\;C:\Users\Anastasija\AppData\Local\Microsoft\WindowsApps;C:\Users\Anastasija\.dotnet\tools;C:\MinGW\bin;C:\Program Files\Eclipse Adoptium\jdk-17.0.16.8-hotspot\bin;;C:\Users\Anastasija\AppData\Local\Programs\VS Code\bin;C:\Users\Anastasija\AppData\Local\Programs\Azure Data Studio\bin;C:\Users\Anastasija\AppData\Roaming\npm
USERNAME=Anastasija
OS=Windows_NT
PROCESSOR_IDENTIFIER=Intel64 Family 6 Model 140 Stepping 1, GenuineIntel
TMP=C:\Users\ANASTA~1\AppData\Local\Temp
TEMP=C:\Users\ANASTA~1\AppData\Local\Temp




Periodic native trim disabled

JNI global refs:
JNI global refs: 29, weak refs: 1

JNI global refs memory usage: 835, weak refs: 833

Process memory usage:
Resident Set Size: 496436K (6% of 8022668K total physical memory with 874116K free physical memory)

OOME stack traces (most recent first):
Classloader memory used:
Loader org.gradle.internal.classloader.VisitableURLClassLoader                         : 42892K
Loader bootstrap                                                                       : 31066K
Loader org.gradle.internal.classloader.VisitableURLClassLoader$InstrumentingVisitableURLClassLoader: 29240K
Loader org.gradle.initialization.MixInLegacyTypesClassLoader                           : 11830K
Loader jdk.internal.loader.ClassLoaders$PlatformClassLoader                            : 638K
Loader jdk.internal.reflect.DelegatingClassLoader                                      : 338K
Loader org.gradle.internal.classloader.VisitableURLClassLoader                         : 269K
Loader jdk.internal.loader.ClassLoaders$AppClassLoader                                 : 235K

Classes loaded by more than one classloader:
Class Program                                                                         : loaded 5 times (x 68B)
Class Build_gradle                                                                    : loaded 3 times (x 126B)
Class Build_gradle$1                                                                  : loaded 3 times (x 70B)
Class org.gradle.internal.classloader.FilteringClassLoader                            : loaded 2 times (x 101B)
Class com.google.common.base.CharMatcher$IsEither                                     : loaded 2 times (x 107B)
Class org.gradle.internal.classloader.ClassLoaderHierarchy                            : loaded 2 times (x 66B)
Class com.google.common.collect.ImmutableEnumSet                                      : loaded 2 times (x 142B)
Class com.google.common.util.concurrent.ExecutionError                                : loaded 2 times (x 78B)
Class com.google.common.collect.ImmutableList$1                                       : loaded 2 times (x 93B)
Class org.gradle.api.internal.classpath.ManifestUtil                                  : loaded 2 times (x 67B)
Class com.google.common.collect.RegularImmutableMap                                   : loaded 2 times (x 117B)
Class com.google.common.collect.ImmutableMap$MapViewOfValuesAsSingletonSets           : loaded 2 times (x 122B)
Class [Lorg.objectweb.asm.Symbol;                                                     : loaded 2 times (x 65B)
Class org.objectweb.asm.ClassVisitor                                                  : loaded 2 times (x 84B)
Class com.google.common.collect.UnmodifiableListIterator                              : loaded 2 times (x 91B)
Class com.google.common.base.Platform$JdkPatternCompiler                              : loaded 2 times (x 71B)
Class org.objectweb.asm.MethodTooLargeException                                       : loaded 2 times (x 79B)
Class [Lcom.google.common.cache.CacheBuilder$OneWeigher;                              : loaded 2 times (x 65B)
Class com.google.common.base.Suppliers                                                : loaded 2 times (x 67B)
Class org.gradle.internal.classloader.DefaultClassLoaderFactory                       : loaded 2 times (x 78B)
Class org.gradle.internal.classloader.ClassLoaderVisitor                              : loaded 2 times (x 72B)
Class [Lcom.google.common.collect.ImmutableMapEntry;                                  : loaded 2 times (x 65B)
Class org.gradle.api.internal.classpath.EffectiveClassPath                            : loaded 2 times (x 86B)
Class com.google.common.collect.ImmutableRangeSet                                     : loaded 2 times (x 111B)
Class com.google.common.collect.ListMultimap                                          : loaded 2 times (x 66B)
Class com.google.common.collect.ImmutableEnumMap                                      : loaded 2 times (x 122B)
Class com.google.common.collect.Sets$1                                                : loaded 2 times (x 135B)
Class org.objectweb.asm.AnnotationVisitor                                             : loaded 2 times (x 74B)
Class org.gradle.api.internal.DefaultClassPathProvider                                : loaded 2 times (x 72B)
Class com.google.common.collect.Sets$2                                                : loaded 2 times (x 135B)
Class [Lorg.gradle.api.internal.ClassPathProvider;                                    : loaded 2 times (x 65B)
Class org.gradle.api.internal.ClassPathProvider                                       : loaded 2 times (x 66B)
Class [Lorg.objectweb.asm.AnnotationVisitor;                                          : loaded 2 times (x 65B)
Class com.google.common.collect.Sets$3                                                : loaded 2 times (x 135B)
Class com.google.common.util.concurrent.AbstractFuture$SafeAtomicHelper               : loaded 2 times (x 75B)
Class com.google.common.cache.LocalCache$LocalLoadingCache                            : loaded 2 times (x 130B)
Class org.gradle.internal.service.UnknownServiceException                             : loaded 2 times (x 79B)
Class com.google.common.collect.Sets$4                                                : loaded 2 times (x 135B)
Class org.objectweb.asm.ModuleVisitor                                                 : loaded 2 times (x 77B)
Class com.google.common.cache.LocalCache$Strength$1                                   : loaded 2 times (x 77B)
Class com.google.common.util.concurrent.SettableFuture                                : loaded 2 times (x 110B)
Class com.google.common.cache.LocalCache$Strength$2                                   : loaded 2 times (x 77B)
Class com.google.common.cache.LocalCache$Strength$3                                   : loaded 2 times (x 77B)
Class com.google.common.collect.MapDifference                                         : loaded 2 times (x 66B)
Class org.objectweb.asm.FieldWriter                                                   : loaded 2 times (x 74B)
Class com.google.common.cache.CacheBuilder$NullListener                               : loaded 2 times (x 78B)
Class org.gradle.internal.classpath.TransformedClassPath                              : loaded 2 times (x 92B)
Class org.gradle.internal.classloader.InstrumentingClassLoader                        : loaded 2 times (x 66B)
Class com.google.common.collect.ImmutableRangeSet$AsSet                               : loaded 2 times (x 296B)
Class com.google.common.cache.CacheLoader$FunctionToCacheLoader                       : loaded 2 times (x 71B)
Class com.google.common.collect.Iterators$ArrayItr                                    : loaded 2 times (x 93B)
Class com.google.common.collect.ImmutableCollection$Builder                           : loaded 2 times (x 72B)
Class com.google.common.base.Joiner                                                   : loaded 2 times (x 75B)
Class com.google.common.base.MoreObjects                                              : loaded 2 times (x 67B)
Class com.google.common.collect.Platform                                              : loaded 2 times (x 67B)
Class [Lorg.objectweb.asm.Type;                                                       : loaded 2 times (x 65B)
Class com.google.common.collect.UnmodifiableIterator                                  : loaded 2 times (x 76B)
Class org.gradle.internal.service.ServiceLocator                                      : loaded 2 times (x 66B)
Class com.google.common.base.Ascii                                                    : loaded 2 times (x 67B)
Class com.google.common.collect.SingletonImmutableBiMap                               : loaded 2 times (x 139B)
Class com.google.common.cache.LocalCache$1                                            : loaded 2 times (x 85B)
Class com.google.common.collect.AbstractMapEntry                                      : loaded 2 times (x 77B)
Class com.google.common.collect.Sets$ImprovedAbstractSet                              : loaded 2 times (x 131B)
Class com.google.common.collect.ImmutableList$Builder                                 : loaded 2 times (x 73B)
Class com.google.common.collect.AbstractMultimap                                      : loaded 2 times (x 119B)
Class com.google.common.cache.LocalCache$2                                            : loaded 2 times (x 138B)
Class com.google.common.collect.ImmutableRangeSet$1                                   : loaded 2 times (x 206B)
Class com.google.common.util.concurrent.AbstractFuture$UnsafeAtomicHelper$1           : loaded 2 times (x 72B)
Class com.google.common.collect.RegularImmutableAsList                                : loaded 2 times (x 213B)
Class com.google.common.collect.Range                                                 : loaded 2 times (x 83B)
Class com.google.common.util.concurrent.AbstractFuture$Trusted                        : loaded 2 times (x 66B)
Class com.google.common.collect.Iterators                                             : loaded 2 times (x 67B)
Class com.google.common.collect.Lists$StringAsImmutableList                           : loaded 2 times (x 203B)
Class com.google.common.util.concurrent.UncheckedExecutionException                   : loaded 2 times (x 78B)
Class org.gradle.kotlin.dsl.VersionCatalogAccessorsKt                                 : loaded 2 times (x 67B)
Class org.gradle.internal.InternalTransformer                                         : loaded 2 times (x 66B)
Class com.google.common.collect.AbstractMapBasedMultimap$KeySet$1                     : loaded 2 times (x 78B)
Class org.objectweb.asm.ClassWriter                                                   : loaded 2 times (x 102B)
Class com.google.common.cache.CacheLoader$UnsupportedLoadingOperationException        : loaded 2 times (x 78B)
Class com.google.common.base.CharMatcher$And                                          : loaded 2 times (x 108B)
Class org.gradle.internal.classloader.ClasspathUtil$1                                 : loaded 2 times (x 72B)
Class org.objectweb.asm.FieldVisitor                                                  : loaded 2 times (x 73B)
Class com.google.common.collect.IndexedImmutableSet                                   : loaded 2 times (x 148B)
Class com.google.common.collect.ImmutableMap$1                                        : loaded 2 times (x 77B)
Class com.google.common.collect.BiMap                                                 : loaded 2 times (x 66B)
Class org.gradle.api.internal.classpath.DefaultModuleRegistry$DefaultModule           : loaded 2 times (x 82B)
Class com.google.common.primitives.Ints                                               : loaded 2 times (x 67B)
Class com.google.common.collect.AbstractIterator                                      : loaded 2 times (x 78B)
Class com.google.common.collect.ObjectArrays                                          : loaded 2 times (x 67B)
Class com.google.common.collect.Multiset                                              : loaded 2 times (x 66B)
Class com.google.common.collect.RegularImmutableMap$KeySet                            : loaded 2 times (x 148B)
Class com.google.common.collect.AbstractIndexedListIterator                           : loaded 2 times (x 92B)
Class com.google.common.math.MathPreconditions                                        : loaded 2 times (x 67B)
Class com.google.common.collect.ImmutableMapEntrySet                                  : loaded 2 times (x 148B)
Class org.gradle.api.internal.classpath.Module                                        : loaded 2 times (x 66B)
Class com.google.common.cache.Weigher                                                 : loaded 2 times (x 66B)
Class org.gradle.api.internal.classpath.UnknownModuleException                        : loaded 2 times (x 78B)
Class com.google.common.base.Stopwatch                                                : loaded 2 times (x 68B)
Class com.google.common.cache.LocalCache$Strength                                     : loaded 2 times (x 77B)
Class com.google.common.cache.Cache                                                   : loaded 2 times (x 66B)
Class com.google.common.util.concurrent.AbstractFuture$Cancellation                   : loaded 2 times (x 68B)
Class com.google.common.collect.ImmutableMap$Builder                                  : loaded 2 times (x 78B)
Class com.google.common.cache.RemovalListener                                         : loaded 2 times (x 66B)
Class org.gradle.api.internal.DefaultClassPathRegistry                                : loaded 2 times (x 72B)
Class com.google.common.primitives.IntsMethodsForWeb                                  : loaded 2 times (x 67B)
Class com.google.common.collect.Multimap                                              : loaded 2 times (x 66B)
Class org.gradle.api.internal.ClassPathRegistry                                       : loaded 2 times (x 66B)
Class org.gradle.internal.classpath.DefaultClassPath$ImmutableUniqueList              : loaded 2 times (x 195B)
Class com.google.common.base.Equivalence$Identity                                     : loaded 2 times (x 78B)
Class com.google.common.cache.CacheBuilder                                            : loaded 2 times (x 68B)
Class com.google.common.collect.SingletonImmutableList                                : loaded 2 times (x 203B)
Class Settings_gradle$1                                                               : loaded 2 times (x 70B)
Class org.gradle.internal.classpath.ClassPath                                         : loaded 2 times (x 66B)
Class org.gradle.api.UncheckedIOException                                             : loaded 2 times (x 78B)
Class com.google.common.base.JdkPattern                                               : loaded 2 times (x 71B)
Class com.google.common.collect.ImmutableList$ReverseImmutableList                    : loaded 2 times (x 205B)
Class org.objectweb.asm.SymbolTable$Entry                                             : loaded 2 times (x 70B)
Class com.google.common.util.concurrent.AbstractFuture$AtomicHelper                   : loaded 2 times (x 74B)
Class org.objectweb.asm.Edge                                                          : loaded 2 times (x 68B)
Class com.google.common.base.Suppliers$SupplierOfInstance                             : loaded 2 times (x 75B)
Class com.google.common.collect.Iterators$1                                           : loaded 2 times (x 77B)
Class com.google.common.cache.LocalCache$ComputingValueReference                      : loaded 2 times (x 92B)
Class com.google.common.collect.SingletonImmutableSet                                 : loaded 2 times (x 142B)
Class com.google.common.collect.ImmutableMap$IteratorBasedImmutableMap                : loaded 2 times (x 122B)
Class com.google.common.cache.LocalCache$Segment                                      : loaded 2 times (x 150B)
Class com.google.common.collect.SortedIterable                                        : loaded 2 times (x 66B)
Class com.google.common.collect.AbstractListMultimap                                  : loaded 2 times (x 168B)
Class [Lorg.objectweb.asm.SymbolTable$Entry;                                          : loaded 2 times (x 65B)
Class com.google.common.cache.CacheLoader                                             : loaded 2 times (x 70B)
Class com.google.common.collect.Iterators$4                                           : loaded 2 times (x 78B)
Class com.google.common.collect.ImmutableBiMap                                        : loaded 2 times (x 139B)
Class org.gradle.internal.installation.GradleInstallation$1                           : loaded 2 times (x 71B)
Class org.gradle.api.internal.classpath.ModuleRegistry                                : loaded 2 times (x 66B)
Class com.google.common.util.concurrent.internal.InternalFutureFailureAccess          : loaded 2 times (x 68B)
Class com.google.common.collect.Iterators$5                                           : loaded 2 times (x 78B)
Class com.google.common.collect.ImmutableSet$JdkBackedSetBuilderImpl                  : loaded 2 times (x 72B)
Class com.google.common.util.concurrent.AbstractFuture$UnsafeAtomicHelper             : loaded 2 times (x 74B)
Class com.google.common.cache.LocalCache$LocalManualCache$1                           : loaded 2 times (x 71B)
Class com.google.common.base.CharMatcher$ForPredicate                                 : loaded 2 times (x 108B)
Class com.google.common.base.CharMatcher$AnyOf                                        : loaded 2 times (x 108B)
Class com.google.common.collect.ImmutableCollection                                   : loaded 2 times (x 121B)
Class org.gradle.api.internal.classpath.DefaultModuleRegistry                         : loaded 2 times (x 82B)
Class com.google.common.collect.Lists                                                 : loaded 2 times (x 67B)
Class com.google.common.util.concurrent.ListenableFuture                              : loaded 2 times (x 66B)
Class com.google.common.cache.ReferenceEntry                                          : loaded 2 times (x 66B)
Class com.google.common.base.Converter                                                : loaded 2 times (x 86B)
Class com.google.common.collect.ImmutableSet$CachingAsList                            : loaded 2 times (x 144B)
Class com.google.common.collect.AbstractMapBasedMultimap                              : loaded 2 times (x 135B)
Class com.google.common.util.concurrent.AbstractFuture                                : loaded 2 times (x 102B)
Class com.google.common.base.FunctionalEquivalence                                    : loaded 2 times (x 79B)
Class com.google.common.collect.Iterators$9                                           : loaded 2 times (x 77B)
Class com.google.common.collect.ImmutableAsList                                       : loaded 2 times (x 205B)
Class org.objectweb.asm.RecordComponentVisitor                                        : loaded 2 times (x 73B)
Class com.google.common.cache.CacheLoader$SupplierToCacheLoader                       : loaded 2 times (x 71B)
Class com.google.common.collect.Maps$EntryTransformer                                 : loaded 2 times (x 66B)
Class org.gradle.internal.service.ServiceLookupException                              : loaded 2 times (x 78B)
Class com.google.common.collect.ImmutableSortedSet                                    : loaded 2 times (x 296B)
Class [Lcom.google.common.cache.LocalCache$EntryFactory;                              : loaded 2 times (x 65B)
Class org.gradle.internal.classloader.ClassLoaderFactory                              : loaded 2 times (x 66B)
Class com.google.common.base.CommonPattern                                            : loaded 2 times (x 70B)
Class com.google.common.cache.LocalCache$LocalManualCache                             : loaded 2 times (x 95B)
Class com.google.common.base.CharMatcher$IsNot                                        : loaded 2 times (x 107B)
Class org.gradle.internal.service.CachingServiceLocator                               : loaded 2 times (x 78B)
Class com.google.common.collect.AbstractMapBasedMultimap$KeySet                       : loaded 2 times (x 133B)
Class com.google.common.collect.RegularImmutableSortedSet                             : loaded 2 times (x 296B)
Class com.google.common.math.IntMath                                                  : loaded 2 times (x 67B)
Class com.google.common.collect.ImmutableMapEntry                                     : loaded 2 times (x 81B)
Class com.google.common.base.Equivalence                                              : loaded 2 times (x 78B)
Class com.google.common.base.Function                                                 : loaded 2 times (x 66B)
Class com.google.common.collect.ImmutableMapEntry$NonTerminalImmutableMapEntry        : loaded 2 times (x 81B)
Class com.google.common.cache.CacheBuilder$OneWeigher                                 : loaded 2 times (x 78B)
Class com.google.common.collect.RegularImmutableList                                  : loaded 2 times (x 209B)
Class org.gradle.internal.classloader.ClasspathUtil                                   : loaded 2 times (x 67B)
Class com.google.common.base.Charsets                                                 : loaded 2 times (x 67B)
Class com.google.common.util.concurrent.Uninterruptibles                              : loaded 2 times (x 67B)
Class com.google.common.collect.Maps                                                  : loaded 2 times (x 67B)
Class org.gradle.api.specs.Spec                                                       : loaded 2 times (x 66B)
Class [Lcom.google.common.collect.ImmutableEntry;                                     : loaded 2 times (x 65B)
Class com.google.common.cache.LocalCache$LoadingValueReference                        : loaded 2 times (x 92B)
Class com.google.common.collect.ArrayListMultimapGwtSerializationDependencies         : loaded 2 times (x 168B)
Class com.google.common.base.Platform                                                 : loaded 2 times (x 67B)
Class [Lorg.objectweb.asm.AnnotationWriter;                                           : loaded 2 times (x 65B)
Class com.google.common.collect.Maps$8                                                : loaded 2 times (x 78B)
Class com.google.common.collect.ImmutableRangeSet$Builder                             : loaded 2 times (x 73B)
Class com.google.common.collect.Sets$SetView                                          : loaded 2 times (x 134B)
Class com.google.common.cache.LocalCache$StrongValueReference                         : loaded 2 times (x 86B)
Class com.google.common.util.concurrent.AbstractFuture$SynchronizedHelper             : loaded 2 times (x 74B)
Class org.objectweb.asm.Type                                                          : loaded 2 times (x 68B)
Class org.gradle.internal.classloader.VisitableURLClassLoader$InstrumentingVisitableURLClassLoader: loaded 2 times (x 119B)
Class org.objectweb.asm.ByteVector                                                    : loaded 2 times (x 75B)
Class [Lcom.google.common.cache.CacheBuilder$NullListener;                            : loaded 2 times (x 65B)
Class com.google.common.math.IntMath$1                                                : loaded 2 times (x 67B)
Class org.gradle.internal.classloader.VisitableURLClassLoader$Spec                    : loaded 2 times (x 70B)
Class org.gradle.internal.classpath.DefaultClassPath                                  : loaded 2 times (x 86B)
Class org.objectweb.asm.Symbol                                                        : loaded 2 times (x 69B)
Class com.google.common.base.CharMatcher$Ascii                                        : loaded 2 times (x 108B)
Class com.google.common.base.CharMatcher$BitSetMatcher                                : loaded 2 times (x 108B)
Class com.google.common.collect.ImmutableSet                                          : loaded 2 times (x 141B)
Class com.google.common.collect.RegularImmutableMap$Values                            : loaded 2 times (x 203B)
Class org.gradle.internal.classloader.ClassLoaderSpec                                 : loaded 2 times (x 67B)
Class org.objectweb.asm.AnnotationWriter                                              : loaded 2 times (x 75B)
Class com.google.common.cache.CacheStats                                              : loaded 2 times (x 67B)
Class org.objectweb.asm.RecordComponentWriter                                         : loaded 2 times (x 74B)
Class com.google.common.util.concurrent.AbstractFuture$Listener                       : loaded 2 times (x 68B)
Class com.google.common.base.CharMatcher$Or                                           : loaded 2 times (x 108B)
Class Settings_gradle$1$1                                                             : loaded 2 times (x 70B)
Class org.objectweb.asm.Attribute                                                     : loaded 2 times (x 73B)
Class com.google.common.base.Supplier                                                 : loaded 2 times (x 66B)
Class org.gradle.internal.classloader.VisitableURLClassLoader                         : loaded 2 times (x 113B)
Class com.google.common.util.concurrent.AbstractFuture$Waiter                         : loaded 2 times (x 68B)
Class Settings_gradle                                                                 : loaded 2 times (x 124B)
Class org.gradle.internal.Cast                                                        : loaded 2 times (x 67B)
Class org.gradle.api.Action                                                           : loaded 2 times (x 66B)
Class com.google.common.base.Strings                                                  : loaded 2 times (x 67B)
Class com.google.common.collect.Sets                                                  : loaded 2 times (x 67B)
Class org.objectweb.asm.Handler                                                       : loaded 2 times (x 68B)
Class com.google.common.base.Ticker                                                   : loaded 2 times (x 68B)
Class com.google.common.base.CharMatcher$FastMatcher                                  : loaded 2 times (x 107B)
Class [Lcom.google.common.cache.LocalCache$Segment;                                   : loaded 2 times (x 65B)
Class [Lcom.google.common.cache.LocalCache$Strength;                                  : loaded 2 times (x 65B)
Class com.google.common.cache.CacheBuilder$1                                          : loaded 2 times (x 81B)
Class com.google.common.base.Predicate                                                : loaded 2 times (x 66B)
Class com.google.common.collect.ImmutableMap                                          : loaded 2 times (x 116B)
Class org.gradle.internal.classpath.DefaultClassPath$ImmutableUniqueList$Builder      : loaded 2 times (x 71B)
Class com.google.common.collect.AbstractRangeSet                                      : loaded 2 times (x 110B)
Class com.google.common.cache.LocalCache                                              : loaded 2 times (x 183B)
Class com.google.common.cache.CacheBuilder$2                                          : loaded 2 times (x 75B)
Class com.google.common.base.CharMatcher$NegatedFastMatcher                           : loaded 2 times (x 109B)
Class com.google.common.collect.ArrayListMultimap                                     : loaded 2 times (x 168B)
Class com.google.common.cache.CacheBuilder$3                                          : loaded 2 times (x 68B)
Class [Lcom.google.common.collect.AbstractMapEntry;                                   : loaded 2 times (x 65B)
Class com.google.common.collect.ImmutableEntry                                        : loaded 2 times (x 78B)
Class org.gradle.api.GradleException                                                  : loaded 2 times (x 78B)
Class com.google.common.collect.CollectPreconditions                                  : loaded 2 times (x 67B)
Class com.google.common.collect.SortedMapDifference                                   : loaded 2 times (x 66B)
Class com.google.common.cache.LocalCache$EntryFactory                                 : loaded 2 times (x 79B)
Class com.google.common.cache.LocalCache$AbstractReferenceEntry                       : loaded 2 times (x 103B)
Class org.gradle.internal.IoActions                                                   : loaded 2 times (x 67B)
Class com.google.common.collect.ImmutableRangeSet$ComplementRanges                    : loaded 2 times (x 203B)
Class org.objectweb.asm.SymbolTable                                                   : loaded 2 times (x 68B)
Class com.google.common.cache.CacheLoader$InvalidCacheLoadException                   : loaded 2 times (x 78B)
Class com.google.common.collect.ImmutableSet$RegularSetBuilderImpl                    : loaded 2 times (x 73B)
Class org.gradle.internal.classloader.SystemClassLoaderSpec                           : loaded 2 times (x 67B)
Class com.google.common.cache.LocalCache$StrongEntry                                  : loaded 2 times (x 104B)
Class com.google.common.util.concurrent.AbstractFuture$TrustedFuture                  : loaded 2 times (x 110B)
Class com.google.common.cache.LoadingCache                                            : loaded 2 times (x 66B)
Class org.objectweb.asm.MethodWriter                                                  : loaded 2 times (x 102B)
Class [Lcom.google.common.cache.Weigher;                                              : loaded 2 times (x 65B)
Class com.google.common.collect.RegularImmutableMap$BucketOverflowException           : loaded 2 times (x 78B)
Class com.google.common.collect.RegularImmutableBiMap                                 : loaded 2 times (x 145B)
Class com.google.common.cache.LocalCache$ValueReference                               : loaded 2 times (x 66B)
Class com.google.common.base.CharMatcher$Negated                                      : loaded 2 times (x 109B)
Class com.google.common.base.CharMatcher$Is                                           : loaded 2 times (x 107B)
Class com.google.common.base.PatternCompiler                                          : loaded 2 times (x 66B)
Class com.google.common.util.concurrent.AbstractFuture$Failure                        : loaded 2 times (x 68B)
Class com.google.common.base.Equivalence$Equals                                       : loaded 2 times (x 78B)
Class com.google.common.collect.Hashing                                               : loaded 2 times (x 67B)
Class com.google.common.base.Preconditions                                            : loaded 2 times (x 67B)
Class com.google.common.base.Joiner$1                                                 : loaded 2 times (x 76B)
Class org.objectweb.asm.Label                                                         : loaded 2 times (x 69B)
Class org.objectweb.asm.CurrentFrame                                                  : loaded 2 times (x 69B)
Class org.objectweb.asm.ClassTooLargeException                                        : loaded 2 times (x 79B)
Class com.google.common.base.CharMatcher                                              : loaded 2 times (x 107B)
Class com.google.common.collect.PeekingIterator                                       : loaded 2 times (x 66B)
Class com.google.common.collect.RangeGwtSerializationDependencies                     : loaded 2 times (x 67B)
Class com.google.common.base.Joiner$2                                                 : loaded 2 times (x 75B)
Class org.objectweb.asm.Frame                                                         : loaded 2 times (x 69B)
Class org.objectweb.asm.MethodVisitor                                                 : loaded 2 times (x 101B)
Class com.google.common.cache.LocalCache$EntryFactory$1                               : loaded 2 times (x 79B)
Class [Lcom.google.common.cache.RemovalListener;                                      : loaded 2 times (x 65B)
Class com.google.common.base.CharMatcher$1                                            : loaded 2 times (x 109B)
Class com.google.common.base.CharMatcher$NamedFastMatcher                             : loaded 2 times (x 108B)
Class com.google.common.collect.RangeSet                                              : loaded 2 times (x 66B)
Class com.google.common.cache.LocalCache$EntryFactory$2                               : loaded 2 times (x 79B)
Class org.gradle.api.internal.classpath.GlobalCacheRootsProvider                      : loaded 2 times (x 66B)
Class com.google.common.collect.CollectCollectors                                     : loaded 2 times (x 67B)
Class org.objectweb.asm.ModuleWriter                                                  : loaded 2 times (x 78B)
Class com.google.common.cache.LocalCache$EntryFactory$3                               : loaded 2 times (x 79B)
Class com.google.common.base.Ticker$1                                                 : loaded 2 times (x 68B)
Class com.google.common.collect.Maps$BiMapConverter                                   : loaded 2 times (x 86B)
Class com.google.common.collect.ImmutableMapEntrySet$RegularEntrySet                  : loaded 2 times (x 148B)
Class com.google.common.cache.LocalCache$EntryFactory$4                               : loaded 2 times (x 79B)
Class com.google.common.base.CharMatcher$InRange                                      : loaded 2 times (x 107B)
Class com.google.common.collect.ImmutableSet$Builder                                  : loaded 2 times (x 81B)
Class com.google.common.cache.LocalCache$EntryFactory$5                               : loaded 2 times (x 79B)
Class com.google.common.base.PairwiseEquivalence                                      : loaded 2 times (x 79B)
Class com.google.common.cache.LocalCache$EntryFactory$6                               : loaded 2 times (x 79B)
Class org.gradle.internal.installation.CurrentGradleInstallationLocator               : loaded 2 times (x 67B)
Class com.google.common.collect.Maps$KeySet                                           : loaded 2 times (x 133B)
Class com.google.common.cache.LocalCache$EntryFactory$7                               : loaded 2 times (x 79B)
Class com.google.common.collect.ImmutableSet$EmptySetBuilderImpl                      : loaded 2 times (x 72B)
Class com.google.common.collect.ImmutableList                                         : loaded 2 times (x 202B)
Class org.gradle.internal.service.DefaultServiceLocator                               : loaded 2 times (x 79B)
Class com.google.common.cache.LocalCache$EntryFactory$8                               : loaded 2 times (x 79B)
Class com.google.common.collect.ImmutableSet$SetBuilderImpl                           : loaded 2 times (x 72B)
Class org.gradle.internal.installation.CurrentGradleInstallation                      : loaded 2 times (x 69B)
Class com.google.common.cache.CacheLoader$1                                           : loaded 2 times (x 71B)
Class com.google.common.collect.ImmutableList$SubList                                 : loaded 2 times (x 205B)
Class org.gradle.util.internal.GUtil                                                  : loaded 2 times (x 67B)
Class com.google.common.util.concurrent.AbstractFuture$SetFuture                      : loaded 2 times (x 71B)
Class com.google.common.cache.AbstractCache$StatsCounter                              : loaded 2 times (x 66B)
Class com.google.common.collect.Iterators$MergingIterator                             : loaded 2 times (x 77B)
Class com.google.common.collect.RegularImmutableSet                                   : loaded 2 times (x 145B)
Class org.gradle.internal.installation.GradleInstallation                             : loaded 2 times (x 71B)
Class com.google.common.collect.Iterables                                             : loaded 2 times (x 67B)

---------------  S Y S T E M  ---------------

OS:
 Windows 11 , 64 bit Build 26100 (10.0.26100.6725)
OS uptime: 0 days 7:00 hours
Hyper-V role detected

CPU: total 4 (initial active 4) (2 cores per cpu, 2 threads per core) family 6 model 140 stepping 1 microcode 0xb4, cx8, cmov, fxsr, ht, mmx, 3dnowpref, sse, sse2, sse3, ssse3, sse4.1, sse4.2, popcnt, lzcnt, tsc, tscinvbit, avx, avx2, aes, erms, clmul, bmi1, bmi2, adx, avx512f, avx512dq, avx512cd, avx512bw, avx512vl, sha, fma, vzeroupper, avx512_vpopcntdq, avx512_vpclmulqdq, avx512_vaes, avx512_vnni, clflush, clflushopt, clwb, avx512_vbmi2, avx512_vbmi, hv, rdtscp, rdpid, fsrm, gfni, avx512_bitalg, f16c, cet_ibt, cet_ss, avx512_ifma
Processor Information for the first 4 processors :
  Max Mhz: 2901, Current Mhz: 2901, Mhz Limit: 2901

Memory: 4k page, system-wide physical 7834M (849M free)
TotalPageFile size 15063M (AvailPageFile size 7M)
current process WorkingSet (physical memory assigned to process): 485M, peak: 486M
current process commit charge ("private bytes"): 512M, peak: 515M

vm_info: OpenJDK 64-Bit Server VM (21.0.6+-13391695-b895.109) for windows-amd64 JRE (21.0.6+-13391695-b895.109), built on 2025-04-22T21:19:17Z by "builder" with MS VC++ 16.10 / 16.11 (VS2019)

END.
