#
# There is insufficient memory for the Java Runtime Environment to continue.
# Native memory allocation (malloc) failed to allocate 262160 bytes. Error detail: Chunk::new
# Possible reasons:
#   The system is out of physical RAM or swap space
#   This process is running with CompressedOops enabled, and the Java Heap may be blocking the growth of the native heap
# Possible solutions:
#   Reduce memory load on the system
#   Increase physical memory or swap space
#   Check if swap backing store is full
#   Decrease Java heap size (-Xmx/-Xms)
#   Decrease number of Java threads
#   Decrease Java thread stack sizes (-Xss)
#   Set larger code cache with -XX:ReservedCodeCacheSize=
#   JVM is running with Unscaled Compressed Oops mode in which the Java heap is
#     placed in the first 4GB address space. The Java Heap base address is the
#     maximum limit for the native heap growth. Please use -XX:HeapBaseMinAddress
#     to set the Java Heap base and to place the Java Heap above 4GB virtual address.
# This output file may be truncated or incomplete.
#
#  Out of Memory Error (arena.cpp:168), pid=2104, tid=17604
#
# JRE version: OpenJDK Runtime Environment (21.0.6) (build 21.0.6+-13391695-b895.109)
# Java VM: OpenJDK 64-Bit Server VM (21.0.6+-13391695-b895.109, mixed mode, tiered, compressed oops, compressed class ptrs, g1 gc, windows-amd64)
# No core dump will be written. Minidumps are not enabled by default on client versions of Windows
#

---------------  S U M M A R Y ------------

Command Line: --add-opens=java.base/java.lang=ALL-UNNAMED --add-opens=java.base/java.lang.invoke=ALL-UNNAMED --add-opens=java.base/java.util=ALL-UNNAMED --add-opens=java.prefs/java.util.prefs=ALL-UNNAMED --add-exports=jdk.compiler/com.sun.tools.javac.api=ALL-UNNAMED --add-exports=jdk.compiler/com.sun.tools.javac.util=ALL-UNNAMED --add-opens=java.base/java.util=ALL-UNNAMED --add-opens=java.prefs/java.util.prefs=ALL-UNNAMED --add-opens=java.base/java.nio.charset=ALL-UNNAMED --add-opens=java.base/java.net=ALL-UNNAMED --add-opens=java.base/java.util.concurrent.atomic=ALL-UNNAMED --add-opens=java.xml/javax.xml.namespace=ALL-UNNAMED -Xmx2048m -Dfile.encoding=UTF-8 -Duser.country=US -Duser.language=en -Duser.variant -javaagent:C:\Users\Anastasija\.gradle\wrapper\dists\gradle-8.13-bin\5xuhj0ry160q40clulazy9h7d\gradle-8.13\lib\agents\gradle-instrumentation-agent-8.13.jar org.gradle.launcher.daemon.bootstrap.GradleDaemon 8.13

Host: 11th Gen Intel(R) Core(TM) i3-1115G4 @ 3.00GHz, 4 cores, 7G,  Windows 11 , 64 bit Build 26100 (10.0.26100.6725)
Time: Mon Nov 10 22:45:16 2025 Central Europe Standard Time elapsed time: 19.088704 seconds (0d 0h 0m 19s)

---------------  T H R E A D  ---------------

Current thread (0x000001c3e193abe0):  JavaThread "C2 CompilerThread0" daemon [_thread_in_native, id=17604, stack(0x0000009e85000000,0x0000009e85100000) (1024K)]


Current CompileTask:
C2:19088 9595 %     4       org.gradle.internal.instantiation.generator.AbstractClassGenerator::inspectType @ 107 (602 bytes)

Stack: [0x0000009e85000000,0x0000009e85100000]
Native frames: (J=compiled Java code, j=interpreted, Vv=VM code, C=native code)
V  [jvm.dll+0x6d0639]
V  [jvm.dll+0x85eb03]
V  [jvm.dll+0x86105e]
V  [jvm.dll+0x861743]
V  [jvm.dll+0x27e6e6]
V  [jvm.dll+0xbff6d]
V  [jvm.dll+0xc04a3]
V  [jvm.dll+0xc0095]
V  [jvm.dll+0x13d5d8]
V  [jvm.dll+0x71ce96]
V  [jvm.dll+0x71c106]
V  [jvm.dll+0x1de780]
V  [jvm.dll+0x247dd4]
V  [jvm.dll+0x247251]
V  [jvm.dll+0x1c5f04]
V  [jvm.dll+0x2569ac]
V  [jvm.dll+0x254ef6]
V  [jvm.dll+0x3f0e96]
V  [jvm.dll+0x806ed8]
V  [jvm.dll+0x6cef0d]
C  [ucrtbase.dll+0x37b0]
C  [KERNEL32.DLL+0x2e8d7]
C  [ntdll.dll+0x8c53c]


---------------  P R O C E S S  ---------------

Threads class SMR info:
_java_thread_list=0x000001c3ea694460, length=44, elements={
0x000001c3ca91be50, 0x000001c3e18f0f60, 0x000001c3e1928fb0, 0x000001c3e192a850,
0x000001c3e192b2a0, 0x000001c3e1939410, 0x000001c3e1939e60, 0x000001c3e193abe0,
0x000001c3e193d8c0, 0x000001c3e1aa8b90, 0x000001c3e1c566d0, 0x000001c3e78c7aa0,
0x000001c3e779c6d0, 0x000001c3e77b6a90, 0x000001c3e785d580, 0x000001c3e785dbe0,
0x000001c3e79ea3c0, 0x000001c3e79c4c10, 0x000001c3e7a0bb70, 0x000001c3e7a0c200,
0x000001c3e7a0ae50, 0x000001c3e7a0b4e0, 0x000001c3e7a0a7c0, 0x000001c3e7a09aa0,
0x000001c3e7a08d80, 0x000001c3e7a09410, 0x000001c3e7a0a130, 0x000001c3ea8cfd90,
0x000001c3ea8cf070, 0x000001c3ea8d17d0, 0x000001c3ea8d1e60, 0x000001c3ea8d24f0,
0x000001c3ea8d0420, 0x000001c3ea8d4c50, 0x000001c3ea8d38a0, 0x000001c3ea8d6000,
0x000001c3ea8d52e0, 0x000001c3ea8d5970, 0x000001c3ea8d6690, 0x000001c3ea8d3210,
0x000001c3ea8d3f30, 0x000001c3e96d57c0, 0x000001c3e96d4aa0, 0x000001c3ebd69cc0
}

Java Threads: ( => current thread )
  0x000001c3ca91be50 JavaThread "main"                              [_thread_blocked, id=15960, stack(0x0000009e84200000,0x0000009e84300000) (1024K)]
  0x000001c3e18f0f60 JavaThread "Reference Handler"          daemon [_thread_blocked, id=18600, stack(0x0000009e84a00000,0x0000009e84b00000) (1024K)]
  0x000001c3e1928fb0 JavaThread "Finalizer"                  daemon [_thread_blocked, id=19448, stack(0x0000009e84b00000,0x0000009e84c00000) (1024K)]
  0x000001c3e192a850 JavaThread "Signal Dispatcher"          daemon [_thread_blocked, id=10560, stack(0x0000009e84c00000,0x0000009e84d00000) (1024K)]
  0x000001c3e192b2a0 JavaThread "Attach Listener"            daemon [_thread_blocked, id=10684, stack(0x0000009e84d00000,0x0000009e84e00000) (1024K)]
  0x000001c3e1939410 JavaThread "Service Thread"             daemon [_thread_blocked, id=18020, stack(0x0000009e84e00000,0x0000009e84f00000) (1024K)]
  0x000001c3e1939e60 JavaThread "Monitor Deflation Thread"   daemon [_thread_blocked, id=13936, stack(0x0000009e84f00000,0x0000009e85000000) (1024K)]
=>0x000001c3e193abe0 JavaThread "C2 CompilerThread0"         daemon [_thread_in_native, id=17604, stack(0x0000009e85000000,0x0000009e85100000) (1024K)]
  0x000001c3e193d8c0 JavaThread "C1 CompilerThread0"         daemon [_thread_in_native, id=17912, stack(0x0000009e85100000,0x0000009e85200000) (1024K)]
  0x000001c3e1aa8b90 JavaThread "Common-Cleaner"             daemon [_thread_blocked, id=15052, stack(0x0000009e85200000,0x0000009e85300000) (1024K)]
  0x000001c3e1c566d0 JavaThread "Notification Thread"        daemon [_thread_blocked, id=2572, stack(0x0000009e85400000,0x0000009e85500000) (1024K)]
  0x000001c3e78c7aa0 JavaThread "Daemon health stats"               [_thread_blocked, id=17316, stack(0x0000009e85900000,0x0000009e85a00000) (1024K)]
  0x000001c3e779c6d0 JavaThread "Incoming local TCP Connector on port 53498"        [_thread_in_native, id=16488, stack(0x0000009e85700000,0x0000009e85800000) (1024K)]
  0x000001c3e77b6a90 JavaThread "Daemon periodic checks"            [_thread_blocked, id=10352, stack(0x0000009e85a00000,0x0000009e85b00000) (1024K)]
  0x000001c3e785d580 JavaThread "Daemon"                            [_thread_blocked, id=15288, stack(0x0000009e85b00000,0x0000009e85c00000) (1024K)]
  0x000001c3e785dbe0 JavaThread "Handler for socket connection from /127.0.0.1:53498 to /127.0.0.1:53499"        [_thread_in_native, id=13188, stack(0x0000009e85c00000,0x0000009e85d00000) (1024K)]
  0x000001c3e79ea3c0 JavaThread "Cancel handler"                    [_thread_blocked, id=8672, stack(0x0000009e85d00000,0x0000009e85e00000) (1024K)]
  0x000001c3e79c4c10 JavaThread "Daemon worker"                     [_thread_in_vm, id=8732, stack(0x0000009e85e00000,0x0000009e85f00000) (1024K)]
  0x000001c3e7a0bb70 JavaThread "Asynchronous log dispatcher for DefaultDaemonConnection: socket connection from /127.0.0.1:53498 to /127.0.0.1:53499"        [_thread_blocked, id=7252, stack(0x0000009e85f00000,0x0000009e86000000) (1024K)]
  0x000001c3e7a0c200 JavaThread "Stdin handler"                     [_thread_blocked, id=18216, stack(0x0000009e86000000,0x0000009e86100000) (1024K)]
  0x000001c3e7a0ae50 JavaThread "Daemon client event forwarder"        [_thread_blocked, id=13668, stack(0x0000009e86100000,0x0000009e86200000) (1024K)]
  0x000001c3e7a0b4e0 JavaThread "Cache worker for journal cache (C:\Users\Anastasija\.gradle\caches\journal-1)"        [_thread_blocked, id=17872, stack(0x0000009e86200000,0x0000009e86300000) (1024K)]
  0x000001c3e7a0a7c0 JavaThread "File lock request listener"        [_thread_in_native, id=10636, stack(0x0000009e86300000,0x0000009e86400000) (1024K)]
  0x000001c3e7a09aa0 JavaThread "Cache worker for file hash cache (C:\Users\Anastasija\.gradle\caches\8.13\fileHashes)"        [_thread_blocked, id=18852, stack(0x0000009e86400000,0x0000009e86500000) (1024K)]
  0x000001c3e7a08d80 JavaThread "Cache worker for file hash cache (C:\Users\Anastasija\Desktop\kaca\Vendly-main\Vendly-main\.gradle\8.13\fileHashes)"        [_thread_blocked, id=2096, stack(0x0000009e86500000,0x0000009e86600000) (1024K)]
  0x000001c3e7a09410 JavaThread "Cache worker for Build Output Cleanup Cache (C:\Users\Anastasija\Desktop\kaca\Vendly-main\Vendly-main\.gradle\buildOutputCleanup)"        [_thread_blocked, id=19100, stack(0x0000009e86600000,0x0000009e86700000) (1024K)]
  0x000001c3e7a0a130 JavaThread "File watcher server"        daemon [_thread_in_native, id=10188, stack(0x0000009e86700000,0x0000009e86800000) (1024K)]
  0x000001c3ea8cfd90 JavaThread "File watcher consumer"      daemon [_thread_blocked, id=9328, stack(0x0000009e86800000,0x0000009e86900000) (1024K)]
  0x000001c3ea8cf070 JavaThread "Cache worker for checksums cache (C:\Users\Anastasija\Desktop\kaca\Vendly-main\Vendly-main\.gradle\8.13\checksums)"        [_thread_blocked, id=18340, stack(0x0000009e86a00000,0x0000009e86b00000) (1024K)]
  0x000001c3ea8d17d0 JavaThread "Cache worker for file content cache (C:\Users\Anastasija\.gradle\caches\8.13\fileContent)"        [_thread_blocked, id=14948, stack(0x0000009e86b00000,0x0000009e86c00000) (1024K)]
  0x000001c3ea8d1e60 JavaThread "Cache worker for cache directory md-supplier (C:\Users\Anastasija\.gradle\caches\8.13\md-supplier)"        [_thread_blocked, id=15808, stack(0x0000009e86c00000,0x0000009e86d00000) (1024K)]
  0x000001c3ea8d24f0 JavaThread "Cache worker for cache directory md-rule (C:\Users\Anastasija\.gradle\caches\8.13\md-rule)"        [_thread_blocked, id=15328, stack(0x0000009e86d00000,0x0000009e86e00000) (1024K)]
  0x000001c3ea8d0420 JavaThread "Unconstrained build operations"        [_thread_blocked, id=10168, stack(0x0000009e86e00000,0x0000009e86f00000) (1024K)]
  0x000001c3ea8d4c50 JavaThread "Unconstrained build operations Thread 2"        [_thread_blocked, id=11964, stack(0x0000009e86f00000,0x0000009e87000000) (1024K)]
  0x000001c3ea8d38a0 JavaThread "Unconstrained build operations Thread 3"        [_thread_blocked, id=1848, stack(0x0000009e87000000,0x0000009e87100000) (1024K)]
  0x000001c3ea8d6000 JavaThread "Unconstrained build operations Thread 4"        [_thread_blocked, id=13184, stack(0x0000009e87100000,0x0000009e87200000) (1024K)]
  0x000001c3ea8d52e0 JavaThread "Unconstrained build operations Thread 5"        [_thread_blocked, id=16956, stack(0x0000009e87200000,0x0000009e87300000) (1024K)]
  0x000001c3ea8d5970 JavaThread "Unconstrained build operations Thread 6"        [_thread_blocked, id=3144, stack(0x0000009e87300000,0x0000009e87400000) (1024K)]
  0x000001c3ea8d6690 JavaThread "Unconstrained build operations Thread 7"        [_thread_blocked, id=2216, stack(0x0000009e87400000,0x0000009e87500000) (1024K)]
  0x000001c3ea8d3210 JavaThread "Unconstrained build operations Thread 8"        [_thread_blocked, id=2376, stack(0x0000009e87500000,0x0000009e87600000) (1024K)]
  0x000001c3ea8d3f30 JavaThread "Unconstrained build operations Thread 9"        [_thread_blocked, id=1660, stack(0x0000009e87600000,0x0000009e87700000) (1024K)]
  0x000001c3e96d57c0 JavaThread "build event listener"              [_thread_blocked, id=9592, stack(0x0000009e86900000,0x0000009e86a00000) (1024K)]
  0x000001c3e96d4aa0 JavaThread "Memory manager"                    [_thread_blocked, id=16864, stack(0x0000009e87700000,0x0000009e87800000) (1024K)]
  0x000001c3ebd69cc0 JavaThread "C2 CompilerThread1"         daemon [_thread_in_native, id=7596, stack(0x0000009e87800000,0x0000009e87900000) (1024K)]
Total: 44

Other Threads:
  0x000001c3e1746730 VMThread "VM Thread"                           [id=15792, stack(0x0000009e84900000,0x0000009e84a00000) (1024K)]
  0x000001c3e17032e0 WatcherThread "VM Periodic Task Thread"        [id=6628, stack(0x0000009e84800000,0x0000009e84900000) (1024K)]
  0x000001c3ca973910 WorkerThread "GC Thread#0"                     [id=18024, stack(0x0000009e84300000,0x0000009e84400000) (1024K)]
  0x000001c3e602ef60 WorkerThread "GC Thread#1"                     [id=7588, stack(0x0000009e85500000,0x0000009e85600000) (1024K)]
  0x000001c3e6056960 WorkerThread "GC Thread#2"                     [id=13336, stack(0x0000009e85600000,0x0000009e85700000) (1024K)]
  0x000001c3e6753c00 WorkerThread "GC Thread#3"                     [id=8140, stack(0x0000009e85800000,0x0000009e85900000) (1024K)]
  0x000001c3ca984800 ConcurrentGCThread "G1 Main Marker"            [id=10324, stack(0x0000009e84400000,0x0000009e84500000) (1024K)]
  0x000001c3ca985210 WorkerThread "G1 Conc#0"                       [id=10496, stack(0x0000009e84500000,0x0000009e84600000) (1024K)]
  0x000001c3ca9de840 ConcurrentGCThread "G1 Refine#0"               [id=14580, stack(0x0000009e84600000,0x0000009e84700000) (1024K)]
  0x000001c3e15d44d0 ConcurrentGCThread "G1 Service"                [id=5692, stack(0x0000009e84700000,0x0000009e84800000) (1024K)]
Total: 10

Threads with active compile tasks:
C2 CompilerThread0  19116 9595 %     4       org.gradle.internal.instantiation.generator.AbstractClassGenerator::inspectType @ 107 (602 bytes)
C2 CompilerThread1  19116 9647   !   4       jdk.internal.loader.Resource::getBytes (244 bytes)
Total: 2

VM state: not at safepoint (normal execution)

VM Mutex/Monitor currently owned by a thread: None

Heap address: 0x0000000080000000, size: 2048 MB, Compressed Oops mode: 32-bit

CDS archive(s) not mapped
Compressed class space mapped at: 0x0000000100000000-0x0000000140000000, reserved size: 1073741824
Narrow klass base: 0x0000000000000000, Narrow klass shift: 3, Narrow klass range: 0x140000000

GC Precious Log:
 CardTable entry size: 512
 Card Set container configuration: InlinePtr #cards 5 size 8 Array Of Cards #cards 12 size 40 Howl #buckets 4 coarsen threshold 1843 Howl Bitmap #cards 512 size 80 coarsen threshold 460 Card regions per heap region 1 cards per card region 2048
 CPUs: 4 total, 4 available
 Memory: 7834M
 Large Page Support: Disabled
 NUMA Support: Disabled
 Compressed Oops: Enabled (32-bit)
 Heap Region Size: 1M
 Heap Min Capacity: 8M
 Heap Initial Capacity: 124M
 Heap Max Capacity: 2G
 Pre-touch: Disabled
 Parallel Workers: 4
 Concurrent Workers: 1
 Concurrent Refinement Workers: 4
 Periodic GC: Disabled

Heap:
 garbage-first heap   total 146432K, used 90945K [0x0000000080000000, 0x0000000100000000)
  region size 1024K, 17 young (17408K), 6 survivors (6144K)
 Metaspace       used 85302K, committed 87232K, reserved 1179648K
  class space    used 11444K, committed 12416K, reserved 1048576K

Heap Regions: E=young(eden), S=young(survivor), O=old, HS=humongous(starts), HC=humongous(continues), CS=collection set, F=free, TAMS=top-at-mark-start, PB=parsable bottom
|   0|0x0000000080000000, 0x0000000080100000, 0x0000000080100000|100%|HS|  |TAMS 0x0000000080000000| PB 0x0000000080000000| Complete 
|   1|0x0000000080100000, 0x0000000080200000, 0x0000000080200000|100%|HC|  |TAMS 0x0000000080100000| PB 0x0000000080100000| Complete 
|   2|0x0000000080200000, 0x0000000080300000, 0x0000000080300000|100%|HC|  |TAMS 0x0000000080200000| PB 0x0000000080200000| Complete 
|   3|0x0000000080300000, 0x0000000080400000, 0x0000000080400000|100%| O|  |TAMS 0x0000000080300000| PB 0x0000000080300000| Untracked 
|   4|0x0000000080400000, 0x0000000080500000, 0x0000000080500000|100%| O|  |TAMS 0x0000000080400000| PB 0x0000000080400000| Untracked 
|   5|0x0000000080500000, 0x0000000080600000, 0x0000000080600000|100%| O|  |TAMS 0x0000000080500000| PB 0x0000000080500000| Untracked 
|   6|0x0000000080600000, 0x0000000080700000, 0x0000000080700000|100%| O|  |TAMS 0x0000000080600000| PB 0x0000000080600000| Untracked 
|   7|0x0000000080700000, 0x0000000080800000, 0x0000000080800000|100%|HS|  |TAMS 0x0000000080700000| PB 0x0000000080700000| Complete 
|   8|0x0000000080800000, 0x0000000080900000, 0x0000000080900000|100%| O|  |TAMS 0x0000000080800000| PB 0x0000000080800000| Untracked 
|   9|0x0000000080900000, 0x0000000080a00000, 0x0000000080a00000|100%| O|  |TAMS 0x0000000080900000| PB 0x0000000080900000| Untracked 
|  10|0x0000000080a00000, 0x0000000080b00000, 0x0000000080b00000|100%| O|  |TAMS 0x0000000080a00000| PB 0x0000000080a00000| Untracked 
|  11|0x0000000080b00000, 0x0000000080c00000, 0x0000000080c00000|100%| O|  |TAMS 0x0000000080b00000| PB 0x0000000080b00000| Untracked 
|  12|0x0000000080c00000, 0x0000000080d00000, 0x0000000080d00000|100%| O|  |TAMS 0x0000000080c00000| PB 0x0000000080c00000| Untracked 
|  13|0x0000000080d00000, 0x0000000080e00000, 0x0000000080e00000|100%| O|  |TAMS 0x0000000080d00000| PB 0x0000000080d00000| Untracked 
|  14|0x0000000080e00000, 0x0000000080f00000, 0x0000000080f00000|100%| O|  |TAMS 0x0000000080e00000| PB 0x0000000080e00000| Untracked 
|  15|0x0000000080f00000, 0x0000000081000000, 0x0000000081000000|100%| O|  |TAMS 0x0000000080f00000| PB 0x0000000080f00000| Untracked 
|  16|0x0000000081000000, 0x0000000081100000, 0x0000000081100000|100%| O|  |TAMS 0x0000000081000000| PB 0x0000000081000000| Untracked 
|  17|0x0000000081100000, 0x0000000081200000, 0x0000000081200000|100%| O|  |TAMS 0x0000000081100000| PB 0x0000000081100000| Untracked 
|  18|0x0000000081200000, 0x0000000081300000, 0x0000000081300000|100%| O|  |TAMS 0x0000000081200000| PB 0x0000000081200000| Untracked 
|  19|0x0000000081300000, 0x0000000081400000, 0x0000000081400000|100%| O|  |TAMS 0x0000000081300000| PB 0x0000000081300000| Untracked 
|  20|0x0000000081400000, 0x0000000081500000, 0x0000000081500000|100%| O|  |TAMS 0x0000000081400000| PB 0x0000000081400000| Untracked 
|  21|0x0000000081500000, 0x0000000081600000, 0x0000000081600000|100%| O|  |TAMS 0x0000000081500000| PB 0x0000000081500000| Untracked 
|  22|0x0000000081600000, 0x0000000081700000, 0x0000000081700000|100%| O|  |TAMS 0x0000000081600000| PB 0x0000000081600000| Untracked 
|  23|0x0000000081700000, 0x0000000081800000, 0x0000000081800000|100%| O|  |TAMS 0x0000000081700000| PB 0x0000000081700000| Untracked 
|  24|0x0000000081800000, 0x0000000081900000, 0x0000000081900000|100%| O|  |TAMS 0x0000000081800000| PB 0x0000000081800000| Untracked 
|  25|0x0000000081900000, 0x0000000081a00000, 0x0000000081a00000|100%| O|  |TAMS 0x0000000081900000| PB 0x0000000081900000| Untracked 
|  26|0x0000000081a00000, 0x0000000081b00000, 0x0000000081b00000|100%| O|  |TAMS 0x0000000081a00000| PB 0x0000000081a00000| Untracked 
|  27|0x0000000081b00000, 0x0000000081c00000, 0x0000000081c00000|100%| O|  |TAMS 0x0000000081b00000| PB 0x0000000081b00000| Untracked 
|  28|0x0000000081c00000, 0x0000000081d00000, 0x0000000081d00000|100%| O|  |TAMS 0x0000000081c00000| PB 0x0000000081c00000| Untracked 
|  29|0x0000000081d00000, 0x0000000081e00000, 0x0000000081e00000|100%| O|  |TAMS 0x0000000081d00000| PB 0x0000000081d00000| Untracked 
|  30|0x0000000081e00000, 0x0000000081f00000, 0x0000000081f00000|100%| O|  |TAMS 0x0000000081e00000| PB 0x0000000081e00000| Untracked 
|  31|0x0000000081f00000, 0x0000000082000000, 0x0000000082000000|100%| O|  |TAMS 0x0000000081f00000| PB 0x0000000081f00000| Untracked 
|  32|0x0000000082000000, 0x0000000082100000, 0x0000000082100000|100%| O|  |TAMS 0x0000000082000000| PB 0x0000000082000000| Untracked 
|  33|0x0000000082100000, 0x0000000082200000, 0x0000000082200000|100%| O|  |TAMS 0x0000000082100000| PB 0x0000000082100000| Untracked 
|  34|0x0000000082200000, 0x0000000082300000, 0x0000000082300000|100%| O|  |TAMS 0x0000000082200000| PB 0x0000000082200000| Untracked 
|  35|0x0000000082300000, 0x0000000082400000, 0x0000000082400000|100%| O|  |TAMS 0x0000000082300000| PB 0x0000000082300000| Untracked 
|  36|0x0000000082400000, 0x0000000082500000, 0x0000000082500000|100%| O|  |TAMS 0x0000000082400000| PB 0x0000000082400000| Untracked 
|  37|0x0000000082500000, 0x0000000082600000, 0x0000000082600000|100%| O|  |TAMS 0x0000000082500000| PB 0x0000000082500000| Untracked 
|  38|0x0000000082600000, 0x0000000082600000, 0x0000000082700000|  0%| F|  |TAMS 0x0000000082600000| PB 0x0000000082600000| Untracked 
|  39|0x0000000082700000, 0x0000000082800000, 0x0000000082800000|100%| O|  |TAMS 0x0000000082700000| PB 0x0000000082700000| Untracked 
|  40|0x0000000082800000, 0x0000000082900000, 0x0000000082900000|100%| O|Cm|TAMS 0x0000000082800000| PB 0x0000000082800000| Complete 
|  41|0x0000000082900000, 0x0000000082a00000, 0x0000000082a00000|100%| O|  |TAMS 0x0000000082900000| PB 0x0000000082900000| Untracked 
|  42|0x0000000082a00000, 0x0000000082b00000, 0x0000000082b00000|100%| O|  |TAMS 0x0000000082a00000| PB 0x0000000082a00000| Untracked 
|  43|0x0000000082b00000, 0x0000000082c00000, 0x0000000082c00000|100%|HS|  |TAMS 0x0000000082b00000| PB 0x0000000082b00000| Complete 
|  44|0x0000000082c00000, 0x0000000082d00000, 0x0000000082d00000|100%|HS|  |TAMS 0x0000000082c00000| PB 0x0000000082c00000| Complete 
|  45|0x0000000082d00000, 0x0000000082e00000, 0x0000000082e00000|100%| O|  |TAMS 0x0000000082d00000| PB 0x0000000082d00000| Untracked 
|  46|0x0000000082e00000, 0x0000000082e00000, 0x0000000082f00000|  0%| F|  |TAMS 0x0000000082e00000| PB 0x0000000082e00000| Untracked 
|  47|0x0000000082f00000, 0x0000000083000000, 0x0000000083000000|100%| O|  |TAMS 0x0000000082f00000| PB 0x0000000082f00000| Untracked 
|  48|0x0000000083000000, 0x0000000083100000, 0x0000000083100000|100%|HS|  |TAMS 0x0000000083000000| PB 0x0000000083000000| Complete 
|  49|0x0000000083100000, 0x0000000083200000, 0x0000000083200000|100%|HC|  |TAMS 0x0000000083100000| PB 0x0000000083100000| Complete 
|  50|0x0000000083200000, 0x0000000083300000, 0x0000000083300000|100%|HS|  |TAMS 0x0000000083200000| PB 0x0000000083200000| Complete 
|  51|0x0000000083300000, 0x0000000083400000, 0x0000000083400000|100%|HC|  |TAMS 0x0000000083300000| PB 0x0000000083300000| Complete 
|  52|0x0000000083400000, 0x0000000083500000, 0x0000000083500000|100%|HS|  |TAMS 0x0000000083400000| PB 0x0000000083400000| Complete 
|  53|0x0000000083500000, 0x0000000083600000, 0x0000000083600000|100%| O|  |TAMS 0x0000000083500000| PB 0x0000000083500000| Untracked 
|  54|0x0000000083600000, 0x0000000083700000, 0x0000000083700000|100%| O|  |TAMS 0x0000000083600000| PB 0x0000000083600000| Untracked 
|  55|0x0000000083700000, 0x0000000083800000, 0x0000000083800000|100%| O|  |TAMS 0x0000000083700000| PB 0x0000000083700000| Untracked 
|  56|0x0000000083800000, 0x0000000083900000, 0x0000000083900000|100%| O|  |TAMS 0x0000000083800000| PB 0x0000000083800000| Untracked 
|  57|0x0000000083900000, 0x0000000083a00000, 0x0000000083a00000|100%| O|Cm|TAMS 0x0000000083900000| PB 0x0000000083900000| Complete 
|  58|0x0000000083a00000, 0x0000000083b00000, 0x0000000083b00000|100%|HS|  |TAMS 0x0000000083a00000| PB 0x0000000083a00000| Complete 
|  59|0x0000000083b00000, 0x0000000083c00000, 0x0000000083c00000|100%|HC|  |TAMS 0x0000000083b00000| PB 0x0000000083b00000| Complete 
|  60|0x0000000083c00000, 0x0000000083d00000, 0x0000000083d00000|100%|HC|  |TAMS 0x0000000083c00000| PB 0x0000000083c00000| Complete 
|  61|0x0000000083d00000, 0x0000000083e00000, 0x0000000083e00000|100%|HS|  |TAMS 0x0000000083d00000| PB 0x0000000083d00000| Complete 
|  62|0x0000000083e00000, 0x0000000083f00000, 0x0000000083f00000|100%| O|  |TAMS 0x0000000083e00000| PB 0x0000000083e00000| Untracked 
|  63|0x0000000083f00000, 0x0000000084000000, 0x0000000084000000|100%|HS|  |TAMS 0x0000000083f00000| PB 0x0000000083f00000| Complete 
|  64|0x0000000084000000, 0x0000000084100000, 0x0000000084100000|100%|HS|  |TAMS 0x0000000084000000| PB 0x0000000084000000| Complete 
|  65|0x0000000084100000, 0x0000000084200000, 0x0000000084200000|100%| O|  |TAMS 0x0000000084100000| PB 0x0000000084100000| Untracked 
|  66|0x0000000084200000, 0x0000000084300000, 0x0000000084300000|100%| O|  |TAMS 0x0000000084200000| PB 0x0000000084200000| Untracked 
|  67|0x0000000084300000, 0x0000000084400000, 0x0000000084400000|100%| O|  |TAMS 0x0000000084300000| PB 0x0000000084300000| Untracked 
|  68|0x0000000084400000, 0x0000000084500000, 0x0000000084500000|100%| O|  |TAMS 0x0000000084400000| PB 0x0000000084400000| Untracked 
|  69|0x0000000084500000, 0x0000000084600000, 0x0000000084600000|100%| O|  |TAMS 0x0000000084500000| PB 0x0000000084500000| Untracked 
|  70|0x0000000084600000, 0x0000000084600000, 0x0000000084700000|  0%| F|  |TAMS 0x0000000084600000| PB 0x0000000084600000| Untracked 
|  71|0x0000000084700000, 0x0000000084700000, 0x0000000084800000|  0%| F|  |TAMS 0x0000000084700000| PB 0x0000000084700000| Untracked 
|  72|0x0000000084800000, 0x0000000084800000, 0x0000000084900000|  0%| F|  |TAMS 0x0000000084800000| PB 0x0000000084800000| Untracked 
|  73|0x0000000084900000, 0x0000000084a00000, 0x0000000084a00000|100%|HS|  |TAMS 0x0000000084900000| PB 0x0000000084900000| Complete 
|  74|0x0000000084a00000, 0x0000000084b00000, 0x0000000084b00000|100%| O|  |TAMS 0x0000000084a00000| PB 0x0000000084a00000| Untracked 
|  75|0x0000000084b00000, 0x0000000084c00000, 0x0000000084c00000|100%| O|  |TAMS 0x0000000084b00000| PB 0x0000000084b00000| Untracked 
|  76|0x0000000084c00000, 0x0000000084d00000, 0x0000000084d00000|100%| O|  |TAMS 0x0000000084c00000| PB 0x0000000084c00000| Untracked 
|  77|0x0000000084d00000, 0x0000000084e00000, 0x0000000084e00000|100%| O|  |TAMS 0x0000000084d00000| PB 0x0000000084d00000| Untracked 
|  78|0x0000000084e00000, 0x0000000084e00000, 0x0000000084f00000|  0%| F|  |TAMS 0x0000000084e00000| PB 0x0000000084e00000| Untracked 
|  79|0x0000000084f00000, 0x0000000084f00000, 0x0000000085000000|  0%| F|  |TAMS 0x0000000084f00000| PB 0x0000000084f00000| Untracked 
|  80|0x0000000085000000, 0x0000000085000000, 0x0000000085100000|  0%| F|  |TAMS 0x0000000085000000| PB 0x0000000085000000| Untracked 
|  81|0x0000000085100000, 0x0000000085100000, 0x0000000085200000|  0%| F|  |TAMS 0x0000000085100000| PB 0x0000000085100000| Untracked 
|  82|0x0000000085200000, 0x0000000085200000, 0x0000000085300000|  0%| F|  |TAMS 0x0000000085200000| PB 0x0000000085200000| Untracked 
|  83|0x0000000085300000, 0x0000000085300000, 0x0000000085400000|  0%| F|  |TAMS 0x0000000085300000| PB 0x0000000085300000| Untracked 
|  84|0x0000000085400000, 0x0000000085400000, 0x0000000085500000|  0%| F|  |TAMS 0x0000000085400000| PB 0x0000000085400000| Untracked 
|  85|0x0000000085500000, 0x0000000085500000, 0x0000000085600000|  0%| F|  |TAMS 0x0000000085500000| PB 0x0000000085500000| Untracked 
|  86|0x0000000085600000, 0x0000000085600000, 0x0000000085700000|  0%| F|  |TAMS 0x0000000085600000| PB 0x0000000085600000| Untracked 
|  87|0x0000000085700000, 0x0000000085700000, 0x0000000085800000|  0%| F|  |TAMS 0x0000000085700000| PB 0x0000000085700000| Untracked 
|  88|0x0000000085800000, 0x0000000085800000, 0x0000000085900000|  0%| F|  |TAMS 0x0000000085800000| PB 0x0000000085800000| Untracked 
|  89|0x0000000085900000, 0x0000000085900000, 0x0000000085a00000|  0%| F|  |TAMS 0x0000000085900000| PB 0x0000000085900000| Untracked 
|  90|0x0000000085a00000, 0x0000000085a00000, 0x0000000085b00000|  0%| F|  |TAMS 0x0000000085a00000| PB 0x0000000085a00000| Untracked 
|  91|0x0000000085b00000, 0x0000000085b00000, 0x0000000085c00000|  0%| F|  |TAMS 0x0000000085b00000| PB 0x0000000085b00000| Untracked 
|  92|0x0000000085c00000, 0x0000000085c00000, 0x0000000085d00000|  0%| F|  |TAMS 0x0000000085c00000| PB 0x0000000085c00000| Untracked 
|  93|0x0000000085d00000, 0x0000000085dd07c0, 0x0000000085e00000| 81%| S|CS|TAMS 0x0000000085d00000| PB 0x0000000085d00000| Complete 
|  94|0x0000000085e00000, 0x0000000085f00000, 0x0000000085f00000|100%| S|CS|TAMS 0x0000000085e00000| PB 0x0000000085e00000| Complete 
|  95|0x0000000085f00000, 0x0000000086000000, 0x0000000086000000|100%| S|CS|TAMS 0x0000000085f00000| PB 0x0000000085f00000| Complete 
|  96|0x0000000086000000, 0x0000000086100000, 0x0000000086100000|100%| S|CS|TAMS 0x0000000086000000| PB 0x0000000086000000| Complete 
|  97|0x0000000086100000, 0x0000000086200000, 0x0000000086200000|100%| S|CS|TAMS 0x0000000086100000| PB 0x0000000086100000| Complete 
|  98|0x0000000086200000, 0x0000000086300000, 0x0000000086300000|100%| S|CS|TAMS 0x0000000086200000| PB 0x0000000086200000| Complete 
|  99|0x0000000086300000, 0x0000000086300000, 0x0000000086400000|  0%| F|  |TAMS 0x0000000086300000| PB 0x0000000086300000| Untracked 
| 100|0x0000000086400000, 0x0000000086400000, 0x0000000086500000|  0%| F|  |TAMS 0x0000000086400000| PB 0x0000000086400000| Untracked 
| 101|0x0000000086500000, 0x0000000086500000, 0x0000000086600000|  0%| F|  |TAMS 0x0000000086500000| PB 0x0000000086500000| Untracked 
| 102|0x0000000086600000, 0x0000000086600000, 0x0000000086700000|  0%| F|  |TAMS 0x0000000086600000| PB 0x0000000086600000| Untracked 
| 103|0x0000000086700000, 0x0000000086700000, 0x0000000086800000|  0%| F|  |TAMS 0x0000000086700000| PB 0x0000000086700000| Untracked 
| 104|0x0000000086800000, 0x0000000086800000, 0x0000000086900000|  0%| F|  |TAMS 0x0000000086800000| PB 0x0000000086800000| Untracked 
| 105|0x0000000086900000, 0x0000000086900000, 0x0000000086a00000|  0%| F|  |TAMS 0x0000000086900000| PB 0x0000000086900000| Untracked 
| 106|0x0000000086a00000, 0x0000000086a00000, 0x0000000086b00000|  0%| F|  |TAMS 0x0000000086a00000| PB 0x0000000086a00000| Untracked 
| 107|0x0000000086b00000, 0x0000000086b00000, 0x0000000086c00000|  0%| F|  |TAMS 0x0000000086b00000| PB 0x0000000086b00000| Untracked 
| 108|0x0000000086c00000, 0x0000000086c00000, 0x0000000086d00000|  0%| F|  |TAMS 0x0000000086c00000| PB 0x0000000086c00000| Untracked 
| 109|0x0000000086d00000, 0x0000000086d00000, 0x0000000086e00000|  0%| F|  |TAMS 0x0000000086d00000| PB 0x0000000086d00000| Untracked 
| 110|0x0000000086e00000, 0x0000000086e00000, 0x0000000086f00000|  0%| F|  |TAMS 0x0000000086e00000| PB 0x0000000086e00000| Untracked 
| 111|0x0000000086f00000, 0x0000000086f00000, 0x0000000087000000|  0%| F|  |TAMS 0x0000000086f00000| PB 0x0000000086f00000| Untracked 
| 112|0x0000000087000000, 0x0000000087000000, 0x0000000087100000|  0%| F|  |TAMS 0x0000000087000000| PB 0x0000000087000000| Untracked 
| 113|0x0000000087100000, 0x0000000087100000, 0x0000000087200000|  0%| F|  |TAMS 0x0000000087100000| PB 0x0000000087100000| Untracked 
| 114|0x0000000087200000, 0x0000000087200000, 0x0000000087300000|  0%| F|  |TAMS 0x0000000087200000| PB 0x0000000087200000| Untracked 
| 115|0x0000000087300000, 0x0000000087300000, 0x0000000087400000|  0%| F|  |TAMS 0x0000000087300000| PB 0x0000000087300000| Untracked 
| 116|0x0000000087400000, 0x0000000087400000, 0x0000000087500000|  0%| F|  |TAMS 0x0000000087400000| PB 0x0000000087400000| Untracked 
| 117|0x0000000087500000, 0x0000000087500000, 0x0000000087600000|  0%| F|  |TAMS 0x0000000087500000| PB 0x0000000087500000| Untracked 
| 118|0x0000000087600000, 0x0000000087600000, 0x0000000087700000|  0%| F|  |TAMS 0x0000000087600000| PB 0x0000000087600000| Untracked 
| 119|0x0000000087700000, 0x0000000087700000, 0x0000000087800000|  0%| F|  |TAMS 0x0000000087700000| PB 0x0000000087700000| Untracked 
| 120|0x0000000087800000, 0x0000000087800000, 0x0000000087900000|  0%| F|  |TAMS 0x0000000087800000| PB 0x0000000087800000| Untracked 
| 121|0x0000000087900000, 0x0000000087900000, 0x0000000087a00000|  0%| F|  |TAMS 0x0000000087900000| PB 0x0000000087900000| Untracked 
| 122|0x0000000087a00000, 0x0000000087a00000, 0x0000000087b00000|  0%| F|  |TAMS 0x0000000087a00000| PB 0x0000000087a00000| Untracked 
| 123|0x0000000087b00000, 0x0000000087b00000, 0x0000000087c00000|  0%| F|  |TAMS 0x0000000087b00000| PB 0x0000000087b00000| Untracked 
| 124|0x0000000087c00000, 0x0000000087c00000, 0x0000000087d00000|  0%| F|  |TAMS 0x0000000087c00000| PB 0x0000000087c00000| Untracked 
| 125|0x0000000087d00000, 0x0000000087d00000, 0x0000000087e00000|  0%| F|  |TAMS 0x0000000087d00000| PB 0x0000000087d00000| Untracked 
| 126|0x0000000087e00000, 0x0000000087e00000, 0x0000000087f00000|  0%| F|  |TAMS 0x0000000087e00000| PB 0x0000000087e00000| Untracked 
| 127|0x0000000087f00000, 0x0000000087f00000, 0x0000000088000000|  0%| F|  |TAMS 0x0000000087f00000| PB 0x0000000087f00000| Untracked 
| 128|0x0000000088000000, 0x0000000088000000, 0x0000000088100000|  0%| F|  |TAMS 0x0000000088000000| PB 0x0000000088000000| Untracked 
| 129|0x0000000088100000, 0x0000000088100000, 0x0000000088200000|  0%| F|  |TAMS 0x0000000088100000| PB 0x0000000088100000| Untracked 
| 130|0x0000000088200000, 0x0000000088200000, 0x0000000088300000|  0%| F|  |TAMS 0x0000000088200000| PB 0x0000000088200000| Untracked 
| 131|0x0000000088300000, 0x0000000088300000, 0x0000000088400000|  0%| F|  |TAMS 0x0000000088300000| PB 0x0000000088300000| Untracked 
| 132|0x0000000088400000, 0x0000000088500000, 0x0000000088500000|100%| E|  |TAMS 0x0000000088400000| PB 0x0000000088400000| Complete 
| 133|0x0000000088500000, 0x0000000088600000, 0x0000000088600000|100%| E|CS|TAMS 0x0000000088500000| PB 0x0000000088500000| Complete 
| 134|0x0000000088600000, 0x0000000088700000, 0x0000000088700000|100%| E|CS|TAMS 0x0000000088600000| PB 0x0000000088600000| Complete 
| 135|0x0000000088700000, 0x0000000088800000, 0x0000000088800000|100%| E|CS|TAMS 0x0000000088700000| PB 0x0000000088700000| Complete 
| 136|0x0000000088800000, 0x0000000088900000, 0x0000000088900000|100%| E|CS|TAMS 0x0000000088800000| PB 0x0000000088800000| Complete 
| 137|0x0000000088900000, 0x0000000088a00000, 0x0000000088a00000|100%| E|CS|TAMS 0x0000000088900000| PB 0x0000000088900000| Complete 
| 138|0x0000000088a00000, 0x0000000088b00000, 0x0000000088b00000|100%| E|CS|TAMS 0x0000000088a00000| PB 0x0000000088a00000| Complete 
| 139|0x0000000088b00000, 0x0000000088c00000, 0x0000000088c00000|100%| E|CS|TAMS 0x0000000088b00000| PB 0x0000000088b00000| Complete 
| 140|0x0000000088c00000, 0x0000000088d00000, 0x0000000088d00000|100%| E|CS|TAMS 0x0000000088c00000| PB 0x0000000088c00000| Complete 
| 141|0x0000000088d00000, 0x0000000088e00000, 0x0000000088e00000|100%| E|CS|TAMS 0x0000000088d00000| PB 0x0000000088d00000| Complete 
| 142|0x0000000088e00000, 0x0000000088f00000, 0x0000000088f00000|100%| E|CS|TAMS 0x0000000088e00000| PB 0x0000000088e00000| Complete 

Card table byte_map: [0x000001c3dce70000,0x000001c3dd270000] _byte_map_base: 0x000001c3dca70000

Marking Bits: (CMBitMap*) 0x000001c3ca973f20
 Bits: [0x000001c3dd270000, 0x000001c3df270000)

Polling page: 0x000001c3c87e0000

Metaspace:

Usage:
  Non-class:     72.21 MB used.
      Class:     11.19 MB used.
       Both:     83.40 MB used.

Virtual space:
  Non-class space:      128.00 MB reserved,      73.12 MB ( 57%) committed,  2 nodes.
      Class space:        1.00 GB reserved,      12.12 MB (  1%) committed,  1 nodes.
             Both:        1.12 GB reserved,      85.25 MB (  7%) committed. 

Chunk freelists:
   Non-Class:  6.77 MB
       Class:  3.70 MB
        Both:  10.47 MB

MaxMetaspaceSize: unlimited
CompressedClassSpaceSize: 1.00 GB
Initial GC threshold: 21.00 MB
Current GC threshold: 140.00 MB
CDS: off
 - commit_granule_bytes: 65536.
 - commit_granule_words: 8192.
 - virtual_space_node_default_size: 8388608.
 - enlarge_chunks_in_place: 1.
 - use_allocation_guard: 0.


Internal statistics:

num_allocs_failed_limit: 9.
num_arena_births: 3682.
num_arena_deaths: 0.
num_vsnodes_births: 3.
num_vsnodes_deaths: 0.
num_space_committed: 1364.
num_space_uncommitted: 0.
num_chunks_returned_to_freelist: 9.
num_chunks_taken_from_freelist: 7237.
num_chunk_merges: 9.
num_chunk_splits: 4693.
num_chunks_enlarged: 2875.
num_inconsistent_stats: 0.

CodeHeap 'non-profiled nmethods': size=120000Kb used=4722Kb max_used=4917Kb free=115277Kb
 bounds [0x000001c3d5540000, 0x000001c3d5a10000, 0x000001c3dca70000]
CodeHeap 'profiled nmethods': size=120000Kb used=14933Kb max_used=15055Kb free=105066Kb
 bounds [0x000001c3cda70000, 0x000001c3ce930000, 0x000001c3d4fa0000]
CodeHeap 'non-nmethods': size=5760Kb used=2273Kb max_used=2300Kb free=3486Kb
 bounds [0x000001c3d4fa0000, 0x000001c3d5210000, 0x000001c3d5540000]
 total_blobs=9056 nmethods=8248 adapters=712
 compilation: enabled
              stopped_count=0, restarted_count=0
 full_count=0

Compilation events (20 events):
Event: 19.055 Thread 0x000001c3e193d8c0 9686       3       javax.management.ImmutableDescriptor::findNonEmpty (27 bytes)
Event: 19.056 Thread 0x000001c3e193d8c0 nmethod 9686 0x000001c3ce24eb90 code [0x000001c3ce24ed60, 0x000001c3ce24efb8]
Event: 19.056 Thread 0x000001c3e193d8c0 9687       3       javax.management.ImmutableDescriptor::isEmpty (46 bytes)
Event: 19.056 Thread 0x000001c3e193d8c0 nmethod 9687 0x000001c3cdc05590 code [0x000001c3cdc05780, 0x000001c3cdc05de0]
Event: 19.056 Thread 0x000001c3e193d8c0 9688       3       javax.management.StandardMBean::equal (23 bytes)
Event: 19.057 Thread 0x000001c3e193d8c0 nmethod 9688 0x000001c3ce24e690 code [0x000001c3ce24e860, 0x000001c3ce24eaf8]
Event: 19.057 Thread 0x000001c3e193d8c0 9689       3       javax.management.ImmutableDescriptor::getFieldValue (87 bytes)
Event: 19.058 Thread 0x000001c3e193d8c0 nmethod 9689 0x000001c3ce727c10 code [0x000001c3ce727ee0, 0x000001c3ce728ad0]
Event: 19.058 Thread 0x000001c3e193d8c0 9690       3       javax.management.ImmutableDescriptor::checkIllegalFieldName (18 bytes)
Event: 19.058 Thread 0x000001c3e193d8c0 nmethod 9690 0x000001c3cdb01690 code [0x000001c3cdb01880, 0x000001c3cdb01c28]
Event: 19.058 Thread 0x000001c3e193d8c0 9691       1       java.util.logging.Level::intValue (5 bytes)
Event: 19.058 Thread 0x000001c3e193d8c0 nmethod 9691 0x000001c3d5779790 code [0x000001c3d5779920, 0x000001c3d57799e8]
Event: 19.062 Thread 0x000001c3e193d8c0 9692       3       java.util.TreeMap::entrySet (27 bytes)
Event: 19.062 Thread 0x000001c3e193d8c0 nmethod 9692 0x000001c3cdd79710 code [0x000001c3cdd798e0, 0x000001c3cdd79cb8]
Event: 19.062 Thread 0x000001c3e193d8c0 9693       3       java.util.TreeMap$EntrySet::iterator (19 bytes)
Event: 19.063 Thread 0x000001c3e193d8c0 nmethod 9693 0x000001c3cdd78d10 code [0x000001c3cdd78ee0, 0x000001c3cdd79388]
Event: 19.074 Thread 0x000001c3e193d8c0 9694       1       javax.management.MBeanFeatureInfo::getName (5 bytes)
Event: 19.074 Thread 0x000001c3e193d8c0 nmethod 9694 0x000001c3d566cd10 code [0x000001c3d566cea0, 0x000001c3d566cf68]
Event: 19.074 Thread 0x000001c3e193d8c0 9695       3       javax.management.ObjectName::addProperty (80 bytes)
Event: 19.074 Thread 0x000001c3e193d8c0 nmethod 9695 0x000001c3cde84210 code [0x000001c3cde84440, 0x000001c3cde84ba0]

GC Heap History (20 events):
Event: 15.463 GC heap before
{Heap before GC invocations=24 (full 0):
 garbage-first heap   total 86016K, used 76489K [0x0000000080000000, 0x0000000100000000)
  region size 1024K, 31 young (31744K), 3 survivors (3072K)
 Metaspace       used 67852K, committed 69568K, reserved 1114112K
  class space    used 9188K, committed 10048K, reserved 1048576K
}
Event: 15.466 GC heap after
{Heap after GC invocations=25 (full 0):
 garbage-first heap   total 86016K, used 49635K [0x0000000080000000, 0x0000000100000000)
  region size 1024K, 3 young (3072K), 3 survivors (3072K)
 Metaspace       used 67852K, committed 69568K, reserved 1114112K
  class space    used 9188K, committed 10048K, reserved 1048576K
}
Event: 15.629 GC heap before
{Heap before GC invocations=25 (full 0):
 garbage-first heap   total 86016K, used 76259K [0x0000000080000000, 0x0000000100000000)
  region size 1024K, 30 young (30720K), 3 survivors (3072K)
 Metaspace       used 67857K, committed 69568K, reserved 1114112K
  class space    used 9188K, committed 10048K, reserved 1048576K
}
Event: 15.633 GC heap after
{Heap after GC invocations=26 (full 0):
 garbage-first heap   total 103424K, used 49202K [0x0000000080000000, 0x0000000100000000)
  region size 1024K, 3 young (3072K), 3 survivors (3072K)
 Metaspace       used 67857K, committed 69568K, reserved 1114112K
  class space    used 9188K, committed 10048K, reserved 1048576K
}
Event: 15.923 GC heap before
{Heap before GC invocations=26 (full 0):
 garbage-first heap   total 103424K, used 85042K [0x0000000080000000, 0x0000000100000000)
  region size 1024K, 34 young (34816K), 3 survivors (3072K)
 Metaspace       used 68581K, committed 70336K, reserved 1114112K
  class space    used 9309K, committed 10176K, reserved 1048576K
}
Event: 15.928 GC heap after
{Heap after GC invocations=27 (full 0):
 garbage-first heap   total 103424K, used 58170K [0x0000000080000000, 0x0000000100000000)
  region size 1024K, 6 young (6144K), 6 survivors (6144K)
 Metaspace       used 68581K, committed 70336K, reserved 1114112K
  class space    used 9309K, committed 10176K, reserved 1048576K
}
Event: 15.980 GC heap before
{Heap before GC invocations=27 (full 0):
 garbage-first heap   total 103424K, used 60218K [0x0000000080000000, 0x0000000100000000)
  region size 1024K, 9 young (9216K), 6 survivors (6144K)
 Metaspace       used 68584K, committed 70336K, reserved 1114112K
  class space    used 9309K, committed 10176K, reserved 1048576K
}
Event: 15.984 GC heap after
{Heap after GC invocations=28 (full 0):
 garbage-first heap   total 103424K, used 61618K [0x0000000080000000, 0x0000000100000000)
  region size 1024K, 3 young (3072K), 3 survivors (3072K)
 Metaspace       used 68584K, committed 70336K, reserved 1114112K
  class space    used 9309K, committed 10176K, reserved 1048576K
}
Event: 16.286 GC heap before
{Heap before GC invocations=29 (full 0):
 garbage-first heap   total 112640K, used 91314K [0x0000000080000000, 0x0000000100000000)
  region size 1024K, 26 young (26624K), 3 survivors (3072K)
 Metaspace       used 70020K, committed 71808K, reserved 1114112K
  class space    used 9471K, committed 10368K, reserved 1048576K
}
Event: 16.288 GC heap after
{Heap after GC invocations=30 (full 0):
 garbage-first heap   total 112640K, used 71230K [0x0000000080000000, 0x0000000100000000)
  region size 1024K, 4 young (4096K), 4 survivors (4096K)
 Metaspace       used 70020K, committed 71808K, reserved 1114112K
  class space    used 9471K, committed 10368K, reserved 1048576K
}
Event: 16.584 GC heap before
{Heap before GC invocations=30 (full 0):
 garbage-first heap   total 112640K, used 93758K [0x0000000080000000, 0x0000000100000000)
  region size 1024K, 27 young (27648K), 4 survivors (4096K)
 Metaspace       used 72187K, committed 73984K, reserved 1114112K
  class space    used 9752K, committed 10624K, reserved 1048576K
}
Event: 16.587 GC heap after
{Heap after GC invocations=31 (full 0):
 garbage-first heap   total 112640K, used 71531K [0x0000000080000000, 0x0000000100000000)
  region size 1024K, 1 young (1024K), 1 survivors (1024K)
 Metaspace       used 72187K, committed 73984K, reserved 1114112K
  class space    used 9752K, committed 10624K, reserved 1048576K
}
Event: 16.993 GC heap before
{Heap before GC invocations=31 (full 0):
 garbage-first heap   total 112640K, used 96107K [0x0000000080000000, 0x0000000100000000)
  region size 1024K, 26 young (26624K), 1 survivors (1024K)
 Metaspace       used 75054K, committed 76864K, reserved 1179648K
  class space    used 10068K, committed 11008K, reserved 1048576K
}
Event: 16.998 GC heap after
{Heap after GC invocations=32 (full 0):
 garbage-first heap   total 112640K, used 72040K [0x0000000080000000, 0x0000000100000000)
  region size 1024K, 2 young (2048K), 2 survivors (2048K)
 Metaspace       used 75054K, committed 76864K, reserved 1179648K
  class space    used 10068K, committed 11008K, reserved 1048576K
}
Event: 17.589 GC heap before
{Heap before GC invocations=33 (full 0):
 garbage-first heap   total 121856K, used 98664K [0x0000000080000000, 0x0000000100000000)
  region size 1024K, 28 young (28672K), 2 survivors (2048K)
 Metaspace       used 78454K, committed 80320K, reserved 1179648K
  class space    used 10568K, committed 11520K, reserved 1048576K
}
Event: 17.596 GC heap after
{Heap after GC invocations=34 (full 0):
 garbage-first heap   total 121856K, used 74309K [0x0000000080000000, 0x0000000100000000)
  region size 1024K, 4 young (4096K), 4 survivors (4096K)
 Metaspace       used 78454K, committed 80320K, reserved 1179648K
  class space    used 10568K, committed 11520K, reserved 1048576K
}
Event: 18.133 GC heap before
{Heap before GC invocations=34 (full 0):
 garbage-first heap   total 121856K, used 111173K [0x0000000080000000, 0x0000000100000000)
  region size 1024K, 35 young (35840K), 4 survivors (4096K)
 Metaspace       used 80085K, committed 81984K, reserved 1179648K
  class space    used 10777K, committed 11712K, reserved 1048576K
}
Event: 18.140 GC heap after
{Heap after GC invocations=35 (full 0):
 garbage-first heap   total 146432K, used 78005K [0x0000000080000000, 0x0000000100000000)
  region size 1024K, 5 young (5120K), 5 survivors (5120K)
 Metaspace       used 80085K, committed 81984K, reserved 1179648K
  class space    used 10777K, committed 11712K, reserved 1048576K
}
Event: 18.829 GC heap before
{Heap before GC invocations=35 (full 0):
 garbage-first heap   total 146432K, used 123061K [0x0000000080000000, 0x0000000100000000)
  region size 1024K, 49 young (50176K), 5 survivors (5120K)
 Metaspace       used 83800K, committed 85760K, reserved 1179648K
  class space    used 11255K, committed 12224K, reserved 1048576K
}
Event: 18.836 GC heap after
{Heap after GC invocations=36 (full 0):
 garbage-first heap   total 146432K, used 80705K [0x0000000080000000, 0x0000000100000000)
  region size 1024K, 6 young (6144K), 6 survivors (6144K)
 Metaspace       used 83800K, committed 85760K, reserved 1179648K
  class space    used 11255K, committed 12224K, reserved 1048576K
}

Dll operation events (3 events):
Event: 0.017 Loaded shared library C:\Program Files\Android\Android Studio\jbr\bin\java.dll
Event: 0.023 Loaded shared library C:\Program Files\Android\Android Studio\jbr\bin\zip.dll
Event: 0.809 Loaded shared library C:\Program Files\Android\Android Studio\jbr\bin\verify.dll

Deoptimization events (20 events):
Event: 19.043 Thread 0x000001c3e79c4c10 Uncommon trap: trap_request=0xffffffde fr.pc=0x000001c3d57f8d8c relative=0x000000000000016c
Event: 19.043 Thread 0x000001c3e79c4c10 Uncommon trap: reason=class_check action=maybe_recompile pc=0x000001c3d57f8d8c method=java.lang.reflect.Array.newInstance(Ljava/lang/Class;I)Ljava/lang/Object; @ 2 c2
Event: 19.043 Thread 0x000001c3e79c4c10 DEOPT PACKING pc=0x000001c3d57f8d8c sp=0x0000009e85ef6360
Event: 19.043 Thread 0x000001c3e79c4c10 DEOPT UNPACKING pc=0x000001c3d4ff7da2 sp=0x0000009e85ef62f8 mode 2
Event: 19.045 Thread 0x000001c3e79c4c10 Uncommon trap: trap_request=0xffffffc6 fr.pc=0x000001c3d5593a04 relative=0x0000000000000564
Event: 19.045 Thread 0x000001c3e79c4c10 Uncommon trap: reason=bimorphic_or_optimized_type_check action=maybe_recompile pc=0x000001c3d5593a04 method=java.util.Collections$UnmodifiableCollection.contains(Ljava/lang/Object;)Z @ 5 c2
Event: 19.045 Thread 0x000001c3e79c4c10 DEOPT PACKING pc=0x000001c3d5593a04 sp=0x0000009e85ef74f0
Event: 19.045 Thread 0x000001c3e79c4c10 DEOPT UNPACKING pc=0x000001c3d4ff7da2 sp=0x0000009e85ef7498 mode 2
Event: 19.050 Thread 0x000001c3e79c4c10 Uncommon trap: trap_request=0xffffffc6 fr.pc=0x000001c3d5593a04 relative=0x0000000000000564
Event: 19.050 Thread 0x000001c3e79c4c10 Uncommon trap: reason=bimorphic_or_optimized_type_check action=maybe_recompile pc=0x000001c3d5593a04 method=java.util.Collections$UnmodifiableCollection.contains(Ljava/lang/Object;)Z @ 5 c2
Event: 19.050 Thread 0x000001c3e79c4c10 DEOPT PACKING pc=0x000001c3d5593a04 sp=0x0000009e85ef71c0
Event: 19.050 Thread 0x000001c3e79c4c10 DEOPT UNPACKING pc=0x000001c3d4ff7da2 sp=0x0000009e85ef7168 mode 2
Event: 19.050 Thread 0x000001c3e79c4c10 Uncommon trap: trap_request=0xffffffc6 fr.pc=0x000001c3d5593a04 relative=0x0000000000000564
Event: 19.050 Thread 0x000001c3e79c4c10 Uncommon trap: reason=bimorphic_or_optimized_type_check action=maybe_recompile pc=0x000001c3d5593a04 method=java.util.Collections$UnmodifiableCollection.contains(Ljava/lang/Object;)Z @ 5 c2
Event: 19.050 Thread 0x000001c3e79c4c10 DEOPT PACKING pc=0x000001c3d5593a04 sp=0x0000009e85ef71c0
Event: 19.050 Thread 0x000001c3e79c4c10 DEOPT UNPACKING pc=0x000001c3d4ff7da2 sp=0x0000009e85ef7168 mode 2
Event: 19.050 Thread 0x000001c3e79c4c10 Uncommon trap: trap_request=0xffffffc6 fr.pc=0x000001c3d5593a04 relative=0x0000000000000564
Event: 19.050 Thread 0x000001c3e79c4c10 Uncommon trap: reason=bimorphic_or_optimized_type_check action=maybe_recompile pc=0x000001c3d5593a04 method=java.util.Collections$UnmodifiableCollection.contains(Ljava/lang/Object;)Z @ 5 c2
Event: 19.050 Thread 0x000001c3e79c4c10 DEOPT PACKING pc=0x000001c3d5593a04 sp=0x0000009e85ef71c0
Event: 19.050 Thread 0x000001c3e79c4c10 DEOPT UNPACKING pc=0x000001c3d4ff7da2 sp=0x0000009e85ef7168 mode 2

Classes loaded (20 events):
Event: 19.073 Loading class javax/management/MBeanInfo$ArrayGettersSafeAction done
Event: 19.075 Loading class com/sun/management/internal/DiagnosticCommandImpl$OperationInfoComparator
Event: 19.075 Loading class com/sun/management/internal/DiagnosticCommandImpl$OperationInfoComparator done
Event: 19.076 Loading class com/sun/management/internal/DiagnosticCommandInfo
Event: 19.077 Loading class com/sun/management/internal/DiagnosticCommandInfo done
Event: 19.077 Loading class com/sun/management/internal/DiagnosticCommandArgumentInfo
Event: 19.078 Loading class com/sun/management/internal/DiagnosticCommandArgumentInfo done
Event: 19.078 Loading class jdk/jfr/internal/dcmd/DCmdView
Event: 19.079 Loading class jdk/jfr/internal/dcmd/AbstractDCmd
Event: 19.081 Loading class jdk/jfr/internal/dcmd/AbstractDCmd done
Event: 19.081 Loading class jdk/jfr/internal/dcmd/DCmdView done
Event: 19.082 Loading class jdk/jfr/internal/util/Output$LinePrinter
Event: 19.083 Loading class jdk/jfr/internal/util/Output
Event: 19.083 Loading class jdk/jfr/internal/util/Output done
Event: 19.083 Loading class jdk/jfr/internal/util/Output$LinePrinter done
Event: 19.083 Loading class jdk/jfr/internal/dcmd/Argument
Event: 19.083 Loading class jdk/jfr/internal/dcmd/Argument done
Event: 19.084 Loading class jdk/jfr/internal/dcmd/DCmdStop
Event: 19.085 Loading class jdk/jfr/internal/dcmd/DCmdStop done
Event: 19.086 Loading class jdk/jfr/internal/dcmd/DCmdStart

Classes unloaded (0 events):
No events

Classes redefined (0 events):
No events

Internal exceptions (20 events):
Event: 17.322 Thread 0x000001c3e79c4c10 Exception <a 'java/lang/NoSuchMethodError'{0x0000000086f08540}: 'java.lang.Object java.lang.invoke.DirectMethodHandle$Holder.invokeSpecial(java.lang.Object, java.lang.Object, java.lang.Object, java.lang.Object, java.lang.Object, java.lang.Object, java.lang.Object, java.lang.Object, java.lang.Object, java.lang.Object, java.lang.Object, java.lang.Object, java.lang.Object, java.lang.Object, java.lang.Object, java.lang.Object, java.lang.Object)'> (0x0000000086f08540) 
thrown [s\src\hotspot\share\interpreter\li
Event: 17.322 Thread 0x000001c3e79c4c10 Exception <a 'java/lang/NoSuchMethodError'{0x0000000086f0e190}: 'java.lang.Object java.lang.invoke.DelegatingMethodHandle$Holder.reinvoke_L(java.lang.Object, java.lang.Object, java.lang.Object, java.lang.Object, java.lang.Object, java.lang.Object, java.lang.Object, java.lang.Object, java.lang.Object, java.lang.Object, java.lang.Object, java.lang.Object, java.lang.Object, java.lang.Object, java.lang.Object, java.lang.Object)'> (0x0000000086f0e190) 
thrown [s\src\hotspot\share\interpreter\linkResolver.cpp, l
Event: 17.388 Thread 0x000001c3e79c4c10 Exception <a 'java/lang/NoSuchMethodError'{0x000000008687f168}: 'void java.lang.invoke.DirectMethodHandle$Holder.invokeVirtual(java.lang.Object, java.lang.Object)'> (0x000000008687f168) 
thrown [s\src\hotspot\share\interpreter\linkResolver.cpp, line 784]
Event: 17.627 Thread 0x000001c3e79c4c10 Implicit null exception at 0x000001c3d58fb474 to 0x000001c3d58fbce2
Event: 18.672 Thread 0x000001c3e79c4c10 Implicit null exception at 0x000001c3d5949475 to 0x000001c3d5949588
Event: 18.889 Thread 0x000001c3e79c4c10 Exception <a 'java/lang/NoSuchMethodError'{0x0000000088b07210}: static Lorg/jetbrains/kotlin/gradle/plugin/internal/DefaultConfigurationTimePropertiesAccessorVariantFactory;.<clinit>()V> (0x0000000088b07210) 
thrown [s\src\hotspot\share\prims\jni.cpp, line 1139]
Event: 18.891 Thread 0x000001c3e79c4c10 Exception <a 'java/lang/NoSuchMethodError'{0x0000000088b23f58}: static Lorg/jetbrains/kotlin/gradle/plugin/internal/DefaultProjectIsolationStartParameterAccessor$Factory;.<clinit>()V> (0x0000000088b23f58) 
thrown [s\src\hotspot\share\prims\jni.cpp, line 1139]
Event: 18.894 Thread 0x000001c3e79c4c10 Exception <a 'java/lang/NoSuchMethodError'{0x0000000088b41980}: static Lorg/jetbrains/kotlin/gradle/plugin/internal/DefaultSourceSetCompatibilityHelperVariantFactory;.<clinit>()V> (0x0000000088b41980) 
thrown [s\src\hotspot\share\prims\jni.cpp, line 1139]
Event: 18.897 Thread 0x000001c3e79c4c10 Exception <a 'java/lang/NoSuchMethodError'{0x0000000088b69d38}: static Lorg/jetbrains/kotlin/gradle/plugin/internal/DefaultArtifactTypeAttributeAccessorVariantFactory;.<clinit>()V> (0x0000000088b69d38) 
thrown [s\src\hotspot\share\prims\jni.cpp, line 1139]
Event: 18.899 Thread 0x000001c3e79c4c10 Exception <a 'java/lang/NoSuchMethodError'{0x0000000088b92418}: static Lorg/jetbrains/kotlin/gradle/plugin/internal/DefaultCompatibilityConventionRegistrar$Factory;.<clinit>()V> (0x0000000088b92418) 
thrown [s\src\hotspot\share\prims\jni.cpp, line 1139]
Event: 18.903 Thread 0x000001c3e79c4c10 Exception <a 'java/lang/NoSuchMethodError'{0x0000000088bafbb0}: static Lorg/jetbrains/kotlin/gradle/plugin/internal/DefaultJavaSourceSetsAccessorVariantFactory;.<clinit>()V> (0x0000000088bafbb0) 
thrown [s\src\hotspot\share\prims\jni.cpp, line 1139]
Event: 18.907 Thread 0x000001c3e79c4c10 Exception <a 'java/lang/NoSuchMethodError'{0x0000000088bcca28}: static Lorg/jetbrains/kotlin/gradle/plugin/internal/DefaultIdeaSyncDetectorVariantFactory;.<clinit>()V> (0x0000000088bcca28) 
thrown [s\src\hotspot\share\prims\jni.cpp, line 1139]
Event: 18.916 Thread 0x000001c3e79c4c10 Exception <a 'java/lang/NoSuchMethodError'{0x0000000088beb298}: static Lorg/jetbrains/kotlin/gradle/plugin/internal/DefaultKotlinTestReportCompatibilityHelperVariantFactory;.<clinit>()V> (0x0000000088beb298) 
thrown [s\src\hotspot\share\prims\jni.cpp, line 1139]
Event: 18.918 Thread 0x000001c3e79c4c10 Exception <a 'java/lang/NoSuchMethodError'{0x0000000088a093f8}: static Lorg/jetbrains/kotlin/gradle/plugin/internal/DefaultMppTestReportHelperVariantFactory;.<clinit>()V> (0x0000000088a093f8) 
thrown [s\src\hotspot\share\prims\jni.cpp, line 1139]
Event: 18.922 Thread 0x000001c3e79c4c10 Exception <a 'java/lang/NoSuchMethodError'{0x0000000088a261d8}: static Lorg/jetbrains/kotlin/gradle/plugin/internal/DefaultConfigurationCacheStartParameterAccessorVariantFactory;.<clinit>()V> (0x0000000088a261d8) 
thrown [s\src\hotspot\share\prims\jni.cpp, line 1139]
Event: 18.924 Thread 0x000001c3e79c4c10 Exception <a 'java/lang/NoSuchMethodError'{0x0000000088a44448}: static Lorg/jetbrains/kotlin/gradle/plugin/internal/MavenPluginConfigurator$DefaultMavenPluginConfiguratorVariantFactory;.<clinit>()V> (0x0000000088a44448) 
thrown [s\src\hotspot\share\prims\jni.cpp, line 1139]
Event: 18.930 Thread 0x000001c3e79c4c10 Exception <a 'java/lang/NoSuchMethodError'{0x0000000088a61300}: static Lorg/jetbrains/kotlin/gradle/targets/js/nodejs/DefaultUnameExecutorVariantFactory;.<clinit>()V> (0x0000000088a61300) 
thrown [s\src\hotspot\share\prims\jni.cpp, line 1139]
Event: 18.942 Thread 0x000001c3e79c4c10 Exception <a 'java/lang/NoSuchMethodError'{0x0000000088a7ec20}: static Lorg/jetbrains/kotlin/gradle/plugin/internal/DefaultBasePluginConfigurationVariantFactory;.<clinit>()V> (0x0000000088a7ec20) 
thrown [s\src\hotspot\share\prims\jni.cpp, line 1139]
Event: 18.947 Thread 0x000001c3e79c4c10 Exception <a 'java/lang/NoSuchMethodError'{0x0000000088a9cb88}: static Lorg/jetbrains/kotlin/gradle/plugin/internal/DefaultAttributeConfigurationHelperVariantFactory;.<clinit>()V> (0x0000000088a9cb88) 
thrown [s\src\hotspot\share\prims\jni.cpp, line 1139]
Event: 19.036 Thread 0x000001c3e79c4c10 Exception <a 'java/lang/IncompatibleClassChangeError'{0x00000000887f0740}: Found class java.lang.Object, but interface was expected> (0x00000000887f0740) 
thrown [s\src\hotspot\share\interpreter\linkResolver.cpp, line 851]

ZGC Phase Switch (0 events):
No events

VM Operations (20 events):
Event: 17.487 Executing VM operation: HandshakeAllThreads (Deoptimize)
Event: 17.487 Executing VM operation: HandshakeAllThreads (Deoptimize) done
Event: 17.524 Executing VM operation: HandshakeAllThreads (Deoptimize)
Event: 17.524 Executing VM operation: HandshakeAllThreads (Deoptimize) done
Event: 17.526 Executing VM operation: HandshakeAllThreads (Deoptimize)
Event: 17.526 Executing VM operation: HandshakeAllThreads (Deoptimize) done
Event: 17.589 Executing VM operation: G1CollectForAllocation (G1 Evacuation Pause)
Event: 17.596 Executing VM operation: G1CollectForAllocation (G1 Evacuation Pause) done
Event: 18.133 Executing VM operation: G1CollectForAllocation (G1 Evacuation Pause)
Event: 18.140 Executing VM operation: G1CollectForAllocation (G1 Evacuation Pause) done
Event: 18.739 Executing VM operation: ICBufferFull
Event: 18.739 Executing VM operation: ICBufferFull done
Event: 18.816 Executing VM operation: HandshakeAllThreads (Deoptimize)
Event: 18.816 Executing VM operation: HandshakeAllThreads (Deoptimize) done
Event: 18.829 Executing VM operation: G1CollectForAllocation (G1 Evacuation Pause)
Event: 18.836 Executing VM operation: G1CollectForAllocation (G1 Evacuation Pause) done
Event: 18.933 Executing VM operation: G1PauseRemark
Event: 18.938 Executing VM operation: G1PauseRemark done
Event: 18.975 Executing VM operation: G1PauseCleanup
Event: 18.976 Executing VM operation: G1PauseCleanup done

Memory protections (0 events):
No events

Nmethod flushes (20 events):
Event: 18.938 Thread 0x000001c3e1746730 flushing  nmethod 0x000001c3ce0a8590
Event: 18.938 Thread 0x000001c3e1746730 flushing  nmethod 0x000001c3ce24e690
Event: 18.938 Thread 0x000001c3e1746730 flushing  nmethod 0x000001c3ce360e90
Event: 18.938 Thread 0x000001c3e1746730 flushing osr nmethod 0x000001c3ce37af90
Event: 18.938 Thread 0x000001c3e1746730 flushing  nmethod 0x000001c3ce4ea210
Event: 18.938 Thread 0x000001c3e1746730 flushing  nmethod 0x000001c3ce5b5290
Event: 18.938 Thread 0x000001c3e1746730 flushing  nmethod 0x000001c3ce5f3710
Event: 18.938 Thread 0x000001c3e1746730 flushing  nmethod 0x000001c3d559ab10
Event: 18.938 Thread 0x000001c3e1746730 flushing  nmethod 0x000001c3d5730d10
Event: 18.938 Thread 0x000001c3e1746730 flushing  nmethod 0x000001c3d573c890
Event: 18.938 Thread 0x000001c3e1746730 flushing  nmethod 0x000001c3d57e5290
Event: 18.938 Thread 0x000001c3e1746730 flushing  nmethod 0x000001c3d58a5510
Event: 18.938 Thread 0x000001c3e1746730 flushing  nmethod 0x000001c3cdbba810
Event: 18.938 Thread 0x000001c3e1746730 flushing  nmethod 0x000001c3cdbbeb10
Event: 18.938 Thread 0x000001c3e1746730 flushing  nmethod 0x000001c3cdc71b10
Event: 18.938 Thread 0x000001c3e1746730 flushing  nmethod 0x000001c3cdd17b90
Event: 18.938 Thread 0x000001c3e1746730 flushing  nmethod 0x000001c3cdea4390
Event: 18.938 Thread 0x000001c3e1746730 flushing  nmethod 0x000001c3ce0bb290
Event: 18.938 Thread 0x000001c3e1746730 flushing  nmethod 0x000001c3ce710d10
Event: 18.938 Thread 0x000001c3e1746730 flushing  nmethod 0x000001c3ce727c10

Events (20 events):
Event: 8.156 Thread 0x000001c3e193d8c0 Thread added: 0x000001c3e6d1a6a0
Event: 9.548 Thread 0x000001c3e79c4c10 Thread added: 0x000001c3ea8cf070
Event: 9.594 Thread 0x000001c3e79c4c10 Thread added: 0x000001c3ea8d17d0
Event: 9.772 Thread 0x000001c3e79c4c10 Thread added: 0x000001c3ea8d1e60
Event: 9.827 Thread 0x000001c3e79c4c10 Thread added: 0x000001c3ea8d24f0
Event: 13.984 Thread 0x000001c3e79c4c10 Thread added: 0x000001c3ea8d0420
Event: 13.984 Thread 0x000001c3e79c4c10 Thread added: 0x000001c3ea8d4c50
Event: 13.985 Thread 0x000001c3e79c4c10 Thread added: 0x000001c3ea8d38a0
Event: 14.098 Thread 0x000001c3e79c4c10 Thread added: 0x000001c3ea8d6000
Event: 14.100 Thread 0x000001c3e79c4c10 Thread added: 0x000001c3ea8d52e0
Event: 14.102 Thread 0x000001c3e79c4c10 Thread added: 0x000001c3ea8d5970
Event: 14.608 Thread 0x000001c3e79c4c10 Thread added: 0x000001c3ea8d6690
Event: 14.609 Thread 0x000001c3e79c4c10 Thread added: 0x000001c3ea8d3210
Event: 14.609 Thread 0x000001c3e79c4c10 Thread added: 0x000001c3ea8d3f30
Event: 16.198 Thread 0x000001c3e6d1a6a0 Thread exited: 0x000001c3e6d1a6a0
Event: 16.649 Thread 0x000001c3e79c4c10 Thread added: 0x000001c3e96d57c0
Event: 17.370 Thread 0x000001c3e79c4c10 Thread added: 0x000001c3e96d4aa0
Event: 17.529 Thread 0x000001c3e193d8c0 Thread added: 0x000001c3e6b9c440
Event: 18.800 Thread 0x000001c3e6b9c440 Thread exited: 0x000001c3e6b9c440
Event: 18.897 Thread 0x000001c3e193d8c0 Thread added: 0x000001c3ebd69cc0


Dynamic libraries:
0x00007ff6faac0000 - 0x00007ff6faaca000 	C:\Program Files\Android\Android Studio\jbr\bin\java.exe
0x00007fffa92a0000 - 0x00007fffa9508000 	C:\WINDOWS\SYSTEM32\ntdll.dll
0x00007fffa8600000 - 0x00007fffa86c9000 	C:\WINDOWS\System32\KERNEL32.DLL
0x00007fffa6890000 - 0x00007fffa6c82000 	C:\WINDOWS\System32\KERNELBASE.dll
0x00007fffa6c90000 - 0x00007fffa6ddb000 	C:\WINDOWS\System32\ucrtbase.dll
0x00007fffa2f10000 - 0x00007fffa2f28000 	C:\Program Files\Android\Android Studio\jbr\bin\jli.dll
0x00007fffa8900000 - 0x00007fffa8ac5000 	C:\WINDOWS\System32\USER32.dll
0x00007fffa67d0000 - 0x00007fffa67f7000 	C:\WINDOWS\System32\win32u.dll
0x00007fffa7950000 - 0x00007fffa797b000 	C:\WINDOWS\System32\GDI32.dll
0x00007fffa6f40000 - 0x00007fffa706d000 	C:\WINDOWS\System32\gdi32full.dll
0x00007fffa6720000 - 0x00007fffa67c3000 	C:\WINDOWS\System32\msvcp_win.dll
0x00007fff85e30000 - 0x00007fff85e4b000 	C:\Program Files\Android\Android Studio\jbr\bin\VCRUNTIME140.dll
0x00007fff87220000 - 0x00007fff874b3000 	C:\WINDOWS\WinSxS\amd64_microsoft.windows.common-controls_6595b64144ccf1df_6.0.26100.6899_none_3e0efeeae32e88c1\COMCTL32.dll
0x00007fffa91b0000 - 0x00007fffa9259000 	C:\WINDOWS\System32\msvcrt.dll
0x00007fffa86e0000 - 0x00007fffa870f000 	C:\WINDOWS\System32\IMM32.DLL
0x00007fff8d1c0000 - 0x00007fff8d1cc000 	C:\Program Files\Android\Android Studio\jbr\bin\vcruntime140_1.dll
0x00007fff78330000 - 0x00007fff783bd000 	C:\Program Files\Android\Android Studio\jbr\bin\msvcp140.dll
0x00007fff04e00000 - 0x00007fff05a8b000 	C:\Program Files\Android\Android Studio\jbr\bin\server\jvm.dll
0x00007fffa7530000 - 0x00007fffa75e4000 	C:\WINDOWS\System32\ADVAPI32.dll
0x00007fffa8550000 - 0x00007fffa85f6000 	C:\WINDOWS\System32\sechost.dll
0x00007fffa8720000 - 0x00007fffa8838000 	C:\WINDOWS\System32\RPCRT4.dll
0x00007fffa84d0000 - 0x00007fffa8544000 	C:\WINDOWS\System32\WS2_32.dll
0x00007fffa6290000 - 0x00007fffa62ee000 	C:\WINDOWS\SYSTEM32\POWRPROF.dll
0x00007fff9e3c0000 - 0x00007fff9e3f5000 	C:\WINDOWS\SYSTEM32\WINMM.dll
0x00007fff93df0000 - 0x00007fff93dfb000 	C:\WINDOWS\SYSTEM32\VERSION.dll
0x00007fffa6270000 - 0x00007fffa6284000 	C:\WINDOWS\SYSTEM32\UMPDC.dll
0x00007fffa5200000 - 0x00007fffa521b000 	C:\WINDOWS\SYSTEM32\kernel.appcore.dll
0x00007fff8ba10000 - 0x00007fff8ba1a000 	C:\Program Files\Android\Android Studio\jbr\bin\jimage.dll
0x00007fffa3a90000 - 0x00007fffa3cd2000 	C:\WINDOWS\SYSTEM32\DBGHELP.DLL
0x00007fffa8150000 - 0x00007fffa84cb000 	C:\WINDOWS\System32\combase.dll
0x00007fffa90d0000 - 0x00007fffa91a7000 	C:\WINDOWS\System32\OLEAUT32.dll
0x00007fff86380000 - 0x00007fff863bc000 	C:\WINDOWS\SYSTEM32\dbgcore.DLL
0x00007fffa6de0000 - 0x00007fffa6e78000 	C:\WINDOWS\System32\bcryptPrimitives.dll
0x00007fff86690000 - 0x00007fff8669e000 	C:\Program Files\Android\Android Studio\jbr\bin\instrument.dll
0x00007fff6d6d0000 - 0x00007fff6d6f0000 	C:\Program Files\Android\Android Studio\jbr\bin\java.dll
0x00007fff6b760000 - 0x00007fff6b778000 	C:\Program Files\Android\Android Studio\jbr\bin\zip.dll
0x00007fffa7980000 - 0x00007fffa80cd000 	C:\WINDOWS\System32\SHELL32.dll
0x00007fffa6430000 - 0x00007fffa659b000 	C:\WINDOWS\System32\wintypes.dll
0x00007fffa4060000 - 0x00007fffa48bd000 	C:\WINDOWS\SYSTEM32\windows.storage.dll
0x00007fffa73b0000 - 0x00007fffa74a2000 	C:\WINDOWS\System32\SHCORE.dll
0x00007fffa71a0000 - 0x00007fffa7202000 	C:\WINDOWS\System32\shlwapi.dll
0x00007fffa6350000 - 0x00007fffa6379000 	C:\WINDOWS\SYSTEM32\profapi.dll
0x00007fff8b9f0000 - 0x00007fff8ba00000 	C:\Program Files\Android\Android Studio\jbr\bin\net.dll
0x00007fff98e40000 - 0x00007fff98f5f000 	C:\WINDOWS\SYSTEM32\WINHTTP.dll
0x00007fffa5770000 - 0x00007fffa57db000 	C:\WINDOWS\system32\mswsock.dll
0x00007fff69400000 - 0x00007fff69416000 	C:\Program Files\Android\Android Studio\jbr\bin\nio.dll
0x00007fff8ba30000 - 0x00007fff8ba40000 	C:\Program Files\Android\Android Studio\jbr\bin\verify.dll
0x00007fff8b930000 - 0x00007fff8b957000 	C:\Users\Anastasija\.gradle\native\1def1411415f61bf3af743bc5b6707747c0891f09f0c88961ee8f79bc544acac\windows-amd64\native-platform.dll
0x00007fff23020000 - 0x00007fff23098000 	C:\Users\Anastasija\.gradle\native\0.2.7\x86_64-windows-gnu\gradle-fileevents.dll
0x00007fff89540000 - 0x00007fff89549000 	C:\Program Files\Android\Android Studio\jbr\bin\management.dll
0x00007fff89500000 - 0x00007fff8950b000 	C:\Program Files\Android\Android Studio\jbr\bin\management_ext.dll
0x00007fffa7090000 - 0x00007fffa7098000 	C:\WINDOWS\System32\PSAPI.DLL
0x00007fffa4c90000 - 0x00007fffa4cc4000 	C:\WINDOWS\SYSTEM32\IPHLPAPI.DLL
0x00007fffa86d0000 - 0x00007fffa86da000 	C:\WINDOWS\System32\NSI.dll
0x00007fff89550000 - 0x00007fff89559000 	C:\Program Files\Android\Android Studio\jbr\bin\extnet.dll
0x00007fffa5a30000 - 0x00007fffa5a4b000 	C:\WINDOWS\SYSTEM32\CRYPTSP.dll
0x00007fffa5160000 - 0x00007fffa519b000 	C:\WINDOWS\system32\rsaenh.dll
0x00007fffa5810000 - 0x00007fffa583b000 	C:\WINDOWS\SYSTEM32\USERENV.dll
0x00007fffa6320000 - 0x00007fffa6346000 	C:\WINDOWS\SYSTEM32\bcrypt.dll
0x00007fffa5a20000 - 0x00007fffa5a2c000 	C:\WINDOWS\SYSTEM32\CRYPTBASE.dll
0x00007fff94980000 - 0x00007fff94988000 	C:\WINDOWS\system32\wshunix.dll

dbghelp: loaded successfully - version: 4.0.5 - missing functions: none
symbol engine: initialized successfully - sym options: 0x614 - pdb path: .;C:\Program Files\Android\Android Studio\jbr\bin;C:\WINDOWS\SYSTEM32;C:\WINDOWS\WinSxS\amd64_microsoft.windows.common-controls_6595b64144ccf1df_6.0.26100.6899_none_3e0efeeae32e88c1;C:\Program Files\Android\Android Studio\jbr\bin\server;C:\Users\Anastasija\.gradle\native\1def1411415f61bf3af743bc5b6707747c0891f09f0c88961ee8f79bc544acac\windows-amd64;C:\Users\Anastasija\.gradle\native\0.2.7\x86_64-windows-gnu

VM Arguments:
jvm_args: --add-opens=java.base/java.lang=ALL-UNNAMED --add-opens=java.base/java.lang.invoke=ALL-UNNAMED --add-opens=java.base/java.util=ALL-UNNAMED --add-opens=java.prefs/java.util.prefs=ALL-UNNAMED --add-exports=jdk.compiler/com.sun.tools.javac.api=ALL-UNNAMED --add-exports=jdk.compiler/com.sun.tools.javac.util=ALL-UNNAMED --add-opens=java.base/java.util=ALL-UNNAMED --add-opens=java.prefs/java.util.prefs=ALL-UNNAMED --add-opens=java.base/java.nio.charset=ALL-UNNAMED --add-opens=java.base/java.net=ALL-UNNAMED --add-opens=java.base/java.util.concurrent.atomic=ALL-UNNAMED --add-opens=java.xml/javax.xml.namespace=ALL-UNNAMED -Xmx2048m -Dfile.encoding=UTF-8 -Duser.country=US -Duser.language=en -Duser.variant -javaagent:C:\Users\Anastasija\.gradle\wrapper\dists\gradle-8.13-bin\5xuhj0ry160q40clulazy9h7d\gradle-8.13\lib\agents\gradle-instrumentation-agent-8.13.jar 
java_command: org.gradle.launcher.daemon.bootstrap.GradleDaemon 8.13
java_class_path (initial): C:\Users\Anastasija\.gradle\wrapper\dists\gradle-8.13-bin\5xuhj0ry160q40clulazy9h7d\gradle-8.13\lib\gradle-daemon-main-8.13.jar
Launcher Type: SUN_STANDARD

[Global flags]
     intx CICompilerCount                          = 3                                         {product} {ergonomic}
     uint ConcGCThreads                            = 1                                         {product} {ergonomic}
     uint G1ConcRefinementThreads                  = 4                                         {product} {ergonomic}
   size_t G1HeapRegionSize                         = 1048576                                   {product} {ergonomic}
    uintx GCDrainStackTargetSize                   = 64                                        {product} {ergonomic}
   size_t InitialHeapSize                          = 130023424                                 {product} {ergonomic}
   size_t MarkStackSize                            = 4194304                                   {product} {ergonomic}
   size_t MaxHeapSize                              = 2147483648                                {product} {command line}
   size_t MaxNewSize                               = 1287651328                                {product} {ergonomic}
   size_t MinHeapDeltaBytes                        = 1048576                                   {product} {ergonomic}
   size_t MinHeapSize                              = 8388608                                   {product} {ergonomic}
    uintx NonNMethodCodeHeapSize                   = 5832780                                {pd product} {ergonomic}
    uintx NonProfiledCodeHeapSize                  = 122912730                              {pd product} {ergonomic}
    uintx ProfiledCodeHeapSize                     = 122912730                              {pd product} {ergonomic}
    uintx ReservedCodeCacheSize                    = 251658240                              {pd product} {ergonomic}
     bool SegmentedCodeCache                       = true                                      {product} {ergonomic}
   size_t SoftMaxHeapSize                          = 2147483648                             {manageable} {ergonomic}
     bool UseCompressedOops                        = true                           {product lp64_product} {ergonomic}
     bool UseG1GC                                  = true                                      {product} {ergonomic}
     bool UseLargePagesIndividualAllocation        = false                                  {pd product} {ergonomic}

Logging:
Log output configuration:
 #0: stdout all=warning uptime,level,tags foldmultilines=false
 #1: stderr all=off uptime,level,tags foldmultilines=false

Environment Variables:
JAVA_HOME=C:\Program Files\Eclipse Adoptium\jdk-17.0.16.8-hotspot
PATH=C:\Program Files\Eclipse Adoptium\jdk-17.0.16.8-hotspot\bin;C:\Program Files\Microsoft MPI\Bin\;C:\Program Files (x86)\Common Files\Oracle\Java\java8path;C:\Program Files (x86)\Common Files\Oracle\Java\javapath;C:\WINDOWS\system32;C:\WINDOWS;C:\WINDOWS\System32\Wbem;C:\WINDOWS\System32\WindowsPowerShell\v1.0\;C:\WINDOWS\System32\OpenSSH\;C:\Program Files\dotnet\;C:\Program Files\Microsoft SQL Server\Client SDK\ODBC\170\Tools\Binn\;C:\Program Files\Microsoft SQL Server\160\Tools\Binn\;C:\Program Files\Microsoft SQL Server\150\Tools\Binn\;C:\Program Files (x86)\Windows Kits\10\Windows Performance Toolkit\;C:\Program Files\CMake\bin;C:\Program Files\Git\cmd;C:\Program Files\Docker\Docker\resources\bin;C:\Program Files\nodejs\;C:\Users\Anastasija\AppData\Local\Microsoft\WindowsApps;C:\Users\Anastasija\.dotnet\tools;C:\MinGW\bin;C:\Program Files\Eclipse Adoptium\jdk-17.0.16.8-hotspot\bin;;C:\Users\Anastasija\AppData\Local\Programs\VS Code\bin;C:\Users\Anastasija\AppData\Local\Programs\Azure Data Studio\bin;C:\Users\Anastasija\AppData\Roaming\npm
USERNAME=Anastasija
OS=Windows_NT
PROCESSOR_IDENTIFIER=Intel64 Family 6 Model 140 Stepping 1, GenuineIntel
TMP=C:\Users\ANASTA~1\AppData\Local\Temp
TEMP=C:\Users\ANASTA~1\AppData\Local\Temp




Periodic native trim disabled

JNI global refs:
JNI global refs: 27, weak refs: 1

JNI global refs memory usage: 835, weak refs: 833

Process memory usage:
Resident Set Size: 395176K (4% of 8022668K total physical memory with 725836K free physical memory)

OOME stack traces (most recent first):
Classloader memory used:
Loader org.gradle.internal.classloader.VisitableURLClassLoader                         : 36740K
Loader bootstrap                                                                       : 26667K
Loader org.gradle.internal.classloader.VisitableURLClassLoader$InstrumentingVisitableURLClassLoader: 10521K
Loader org.gradle.initialization.MixInLegacyTypesClassLoader                           : 10401K
Loader jdk.internal.loader.ClassLoaders$PlatformClassLoader                            : 496K
Loader jdk.internal.loader.ClassLoaders$AppClassLoader                                 : 235K
Loader jdk.internal.reflect.DelegatingClassLoader                                      : 210K
Loader org.gradle.internal.classloader.VisitableURLClassLoader                         : 209K

Classes loaded by more than one classloader:
Class Program                                                                         : loaded 4 times (x 70B)
Class com.google.common.base.Equivalence$Identity                                     : loaded 2 times (x 78B)
Class com.google.common.collect.RegularImmutableMap$KeySet                            : loaded 2 times (x 148B)
Class org.gradle.internal.classloader.FilteringClassLoader                            : loaded 2 times (x 101B)
Class com.google.common.base.CharMatcher$IsEither                                     : loaded 2 times (x 107B)
Class org.gradle.internal.classloader.ClassLoaderHierarchy                            : loaded 2 times (x 66B)
Class com.google.common.collect.ImmutableEnumSet                                      : loaded 2 times (x 142B)
Class com.google.common.util.concurrent.ExecutionError                                : loaded 2 times (x 78B)
Class com.google.common.collect.ImmutableList$1                                       : loaded 2 times (x 93B)
Class org.gradle.api.internal.classpath.ManifestUtil                                  : loaded 2 times (x 67B)
Class com.google.common.collect.RegularImmutableMap                                   : loaded 2 times (x 117B)
Class com.google.common.collect.ImmutableMap$MapViewOfValuesAsSingletonSets           : loaded 2 times (x 122B)
Class [Lorg.objectweb.asm.Symbol;                                                     : loaded 2 times (x 65B)
Class org.objectweb.asm.ClassVisitor                                                  : loaded 2 times (x 84B)
Class com.google.common.collect.UnmodifiableListIterator                              : loaded 2 times (x 91B)
Class org.objectweb.asm.MethodTooLargeException                                       : loaded 2 times (x 79B)
Class [Lcom.google.common.cache.CacheBuilder$OneWeigher;                              : loaded 2 times (x 65B)
Class com.google.common.base.Suppliers                                                : loaded 2 times (x 67B)
Class org.gradle.internal.classloader.DefaultClassLoaderFactory                       : loaded 2 times (x 78B)
Class org.gradle.internal.classloader.ClassLoaderVisitor                              : loaded 2 times (x 72B)
Class [Lcom.google.common.collect.ImmutableMapEntry;                                  : loaded 2 times (x 65B)
Class org.gradle.api.internal.classpath.EffectiveClassPath                            : loaded 2 times (x 86B)
Class com.google.common.collect.ListMultimap                                          : loaded 2 times (x 66B)
Class com.google.common.collect.ImmutableEnumMap                                      : loaded 2 times (x 122B)
Class com.google.common.collect.Sets$1                                                : loaded 2 times (x 135B)
Class org.objectweb.asm.AnnotationVisitor                                             : loaded 2 times (x 74B)
Class org.gradle.api.internal.DefaultClassPathProvider                                : loaded 2 times (x 72B)
Class com.google.common.collect.Sets$2                                                : loaded 2 times (x 135B)
Class [Lorg.gradle.api.internal.ClassPathProvider;                                    : loaded 2 times (x 65B)
Class org.gradle.api.internal.ClassPathProvider                                       : loaded 2 times (x 66B)
Class [Lorg.objectweb.asm.AnnotationVisitor;                                          : loaded 2 times (x 65B)
Class com.google.common.collect.Sets$3                                                : loaded 2 times (x 135B)
Class com.google.common.util.concurrent.AbstractFuture$SafeAtomicHelper               : loaded 2 times (x 75B)
Class com.google.common.cache.LocalCache$LocalLoadingCache                            : loaded 2 times (x 130B)
Class org.gradle.internal.service.UnknownServiceException                             : loaded 2 times (x 79B)
Class com.google.common.collect.Sets$4                                                : loaded 2 times (x 135B)
Class org.objectweb.asm.ModuleVisitor                                                 : loaded 2 times (x 77B)
Class com.google.common.cache.LocalCache$Strength$1                                   : loaded 2 times (x 77B)
Class com.google.common.util.concurrent.SettableFuture                                : loaded 2 times (x 110B)
Class com.google.common.cache.LocalCache$Strength$2                                   : loaded 2 times (x 77B)
Class com.google.common.cache.LocalCache$Strength$3                                   : loaded 2 times (x 77B)
Class com.google.common.collect.MapDifference                                         : loaded 2 times (x 66B)
Class org.objectweb.asm.FieldWriter                                                   : loaded 2 times (x 74B)
Class com.google.common.cache.CacheBuilder$NullListener                               : loaded 2 times (x 78B)
Class org.gradle.internal.classpath.TransformedClassPath                              : loaded 2 times (x 92B)
Class org.gradle.internal.classloader.InstrumentingClassLoader                        : loaded 2 times (x 66B)
Class com.google.common.cache.CacheLoader$FunctionToCacheLoader                       : loaded 2 times (x 71B)
Class com.google.common.collect.Iterators$ArrayItr                                    : loaded 2 times (x 93B)
Class com.google.common.collect.ImmutableCollection$Builder                           : loaded 2 times (x 72B)
Class com.google.common.base.Joiner                                                   : loaded 2 times (x 75B)
Class com.google.common.base.MoreObjects                                              : loaded 2 times (x 67B)
Class com.google.common.collect.Platform                                              : loaded 2 times (x 67B)
Class [Lorg.objectweb.asm.Type;                                                       : loaded 2 times (x 65B)
Class com.google.common.collect.UnmodifiableIterator                                  : loaded 2 times (x 76B)
Class org.gradle.internal.service.ServiceLocator                                      : loaded 2 times (x 66B)
Class com.google.common.base.Ascii                                                    : loaded 2 times (x 67B)
Class com.google.common.collect.SingletonImmutableBiMap                               : loaded 2 times (x 139B)
Class com.google.common.cache.LocalCache$1                                            : loaded 2 times (x 85B)
Class com.google.common.collect.AbstractMapEntry                                      : loaded 2 times (x 77B)
Class com.google.common.collect.AbstractMultimap                                      : loaded 2 times (x 119B)
Class com.google.common.cache.LocalCache$2                                            : loaded 2 times (x 138B)
Class com.google.common.util.concurrent.AbstractFuture$UnsafeAtomicHelper$1           : loaded 2 times (x 72B)
Class com.google.common.collect.RegularImmutableAsList                                : loaded 2 times (x 213B)
Class com.google.common.util.concurrent.AbstractFuture$Trusted                        : loaded 2 times (x 66B)
Class com.google.common.collect.Iterators                                             : loaded 2 times (x 67B)
Class com.google.common.collect.Lists$StringAsImmutableList                           : loaded 2 times (x 203B)
Class com.google.common.util.concurrent.UncheckedExecutionException                   : loaded 2 times (x 78B)
Class org.gradle.kotlin.dsl.VersionCatalogAccessorsKt                                 : loaded 2 times (x 67B)
Class org.gradle.internal.InternalTransformer                                         : loaded 2 times (x 66B)
Class org.objectweb.asm.ClassWriter                                                   : loaded 2 times (x 102B)
Class com.google.common.cache.CacheLoader$UnsupportedLoadingOperationException        : loaded 2 times (x 78B)
Class com.google.common.base.CharMatcher$And                                          : loaded 2 times (x 108B)
Class org.gradle.internal.classloader.ClasspathUtil$1                                 : loaded 2 times (x 72B)
Class org.objectweb.asm.FieldVisitor                                                  : loaded 2 times (x 73B)
Class com.google.common.collect.IndexedImmutableSet                                   : loaded 2 times (x 148B)
Class com.google.common.collect.ImmutableMap$1                                        : loaded 2 times (x 77B)
Class com.google.common.collect.BiMap                                                 : loaded 2 times (x 66B)
Class org.gradle.api.internal.classpath.DefaultModuleRegistry$DefaultModule           : loaded 2 times (x 82B)
Class com.google.common.primitives.Ints                                               : loaded 2 times (x 67B)
Class com.google.common.collect.AbstractIterator                                      : loaded 2 times (x 78B)
Class com.google.common.collect.ObjectArrays                                          : loaded 2 times (x 67B)
Class com.google.common.collect.Multiset                                              : loaded 2 times (x 66B)
Class com.google.common.collect.ArrayListMultimapGwtSerializationDependencies         : loaded 2 times (x 168B)
Class com.google.common.collect.AbstractIndexedListIterator                           : loaded 2 times (x 92B)
Class com.google.common.math.MathPreconditions                                        : loaded 2 times (x 67B)
Class com.google.common.collect.ImmutableMapEntrySet                                  : loaded 2 times (x 148B)
Class org.gradle.api.internal.classpath.Module                                        : loaded 2 times (x 66B)
Class com.google.common.cache.Weigher                                                 : loaded 2 times (x 66B)
Class org.gradle.api.internal.classpath.UnknownModuleException                        : loaded 2 times (x 78B)
Class com.google.common.base.Stopwatch                                                : loaded 2 times (x 68B)
Class com.google.common.cache.LocalCache$Strength                                     : loaded 2 times (x 77B)
Class com.google.common.cache.Cache                                                   : loaded 2 times (x 66B)
Class com.google.common.util.concurrent.AbstractFuture$Cancellation                   : loaded 2 times (x 68B)
Class com.google.common.collect.ImmutableMap$Builder                                  : loaded 2 times (x 78B)
Class com.google.common.cache.RemovalListener                                         : loaded 2 times (x 66B)
Class org.gradle.api.internal.DefaultClassPathRegistry                                : loaded 2 times (x 72B)
Class com.google.common.primitives.IntsMethodsForWeb                                  : loaded 2 times (x 67B)
Class com.google.common.collect.Multimap                                              : loaded 2 times (x 66B)
Class org.gradle.api.internal.ClassPathRegistry                                       : loaded 2 times (x 66B)
Class org.gradle.internal.classpath.DefaultClassPath$ImmutableUniqueList              : loaded 2 times (x 195B)
Class com.google.common.cache.CacheBuilder                                            : loaded 2 times (x 68B)
Class com.google.common.collect.SingletonImmutableList                                : loaded 2 times (x 203B)
Class com.google.common.base.PairwiseEquivalence                                      : loaded 2 times (x 79B)
Class Settings_gradle$1                                                               : loaded 2 times (x 70B)
Class org.gradle.internal.classpath.ClassPath                                         : loaded 2 times (x 66B)
Class org.gradle.api.UncheckedIOException                                             : loaded 2 times (x 78B)
Class com.google.common.collect.ImmutableList$ReverseImmutableList                    : loaded 2 times (x 205B)
Class org.objectweb.asm.SymbolTable$Entry                                             : loaded 2 times (x 70B)
Class com.google.common.util.concurrent.AbstractFuture$AtomicHelper                   : loaded 2 times (x 74B)
Class org.objectweb.asm.Edge                                                          : loaded 2 times (x 68B)
Class com.google.common.base.Suppliers$SupplierOfInstance                             : loaded 2 times (x 75B)
Class com.google.common.collect.Iterators$1                                           : loaded 2 times (x 77B)
Class com.google.common.cache.LocalCache$ComputingValueReference                      : loaded 2 times (x 92B)
Class com.google.common.collect.SingletonImmutableSet                                 : loaded 2 times (x 142B)
Class com.google.common.collect.ImmutableMap$IteratorBasedImmutableMap                : loaded 2 times (x 122B)
Class com.google.common.cache.LocalCache$Segment                                      : loaded 2 times (x 150B)
Class com.google.common.collect.AbstractListMultimap                                  : loaded 2 times (x 168B)
Class [Lorg.objectweb.asm.SymbolTable$Entry;                                          : loaded 2 times (x 65B)
Class com.google.common.cache.CacheLoader                                             : loaded 2 times (x 70B)
Class com.google.common.collect.Iterators$4                                           : loaded 2 times (x 78B)
Class com.google.common.collect.ImmutableBiMap                                        : loaded 2 times (x 139B)
Class org.gradle.internal.installation.GradleInstallation$1                           : loaded 2 times (x 71B)
Class org.gradle.api.internal.classpath.ModuleRegistry                                : loaded 2 times (x 66B)
Class com.google.common.util.concurrent.internal.InternalFutureFailureAccess          : loaded 2 times (x 68B)
Class com.google.common.collect.Iterators$5                                           : loaded 2 times (x 78B)
Class com.google.common.collect.ImmutableSet$JdkBackedSetBuilderImpl                  : loaded 2 times (x 72B)
Class com.google.common.util.concurrent.AbstractFuture$UnsafeAtomicHelper             : loaded 2 times (x 74B)
Class com.google.common.cache.LocalCache$LocalManualCache$1                           : loaded 2 times (x 71B)
Class com.google.common.base.CharMatcher$ForPredicate                                 : loaded 2 times (x 108B)
Class com.google.common.base.CharMatcher$AnyOf                                        : loaded 2 times (x 108B)
Class com.google.common.collect.ImmutableCollection                                   : loaded 2 times (x 121B)
Class org.gradle.api.internal.classpath.DefaultModuleRegistry                         : loaded 2 times (x 82B)
Class com.google.common.collect.Lists                                                 : loaded 2 times (x 67B)
Class com.google.common.util.concurrent.ListenableFuture                              : loaded 2 times (x 66B)
Class com.google.common.cache.ReferenceEntry                                          : loaded 2 times (x 66B)
Class com.google.common.base.Converter                                                : loaded 2 times (x 86B)
Class com.google.common.collect.ImmutableSet$CachingAsList                            : loaded 2 times (x 144B)
Class com.google.common.collect.AbstractMapBasedMultimap                              : loaded 2 times (x 135B)
Class com.google.common.util.concurrent.AbstractFuture                                : loaded 2 times (x 102B)
Class com.google.common.base.FunctionalEquivalence                                    : loaded 2 times (x 79B)
Class com.google.common.collect.Iterators$9                                           : loaded 2 times (x 77B)
Class com.google.common.collect.ImmutableAsList                                       : loaded 2 times (x 205B)
Class org.objectweb.asm.RecordComponentVisitor                                        : loaded 2 times (x 73B)
Class com.google.common.cache.CacheLoader$SupplierToCacheLoader                       : loaded 2 times (x 71B)
Class com.google.common.collect.Maps$EntryTransformer                                 : loaded 2 times (x 66B)
Class org.gradle.internal.service.ServiceLookupException                              : loaded 2 times (x 78B)
Class [Lcom.google.common.cache.LocalCache$EntryFactory;                              : loaded 2 times (x 65B)
Class org.gradle.internal.classloader.ClassLoaderFactory                              : loaded 2 times (x 66B)
Class com.google.common.cache.LocalCache$LocalManualCache                             : loaded 2 times (x 95B)
Class com.google.common.base.CharMatcher$IsNot                                        : loaded 2 times (x 107B)
Class org.gradle.internal.service.CachingServiceLocator                               : loaded 2 times (x 78B)
Class com.google.common.math.IntMath                                                  : loaded 2 times (x 67B)
Class com.google.common.collect.ImmutableMapEntry                                     : loaded 2 times (x 81B)
Class com.google.common.base.Equivalence                                              : loaded 2 times (x 78B)
Class com.google.common.base.Function                                                 : loaded 2 times (x 66B)
Class com.google.common.collect.ImmutableMapEntry$NonTerminalImmutableMapEntry        : loaded 2 times (x 81B)
Class com.google.common.cache.CacheBuilder$OneWeigher                                 : loaded 2 times (x 78B)
Class com.google.common.collect.RegularImmutableList                                  : loaded 2 times (x 209B)
Class org.gradle.internal.classloader.ClasspathUtil                                   : loaded 2 times (x 67B)
Class com.google.common.base.Charsets                                                 : loaded 2 times (x 67B)
Class com.google.common.util.concurrent.Uninterruptibles                              : loaded 2 times (x 67B)
Class com.google.common.collect.Maps                                                  : loaded 2 times (x 67B)
Class org.gradle.api.specs.Spec                                                       : loaded 2 times (x 66B)
Class [Lcom.google.common.collect.ImmutableEntry;                                     : loaded 2 times (x 65B)
Class com.google.common.cache.LocalCache$LoadingValueReference                        : loaded 2 times (x 92B)
Class Build_gradle$1                                                                  : loaded 2 times (x 74B)
Class [Lorg.objectweb.asm.AnnotationWriter;                                           : loaded 2 times (x 65B)
Class com.google.common.collect.Maps$8                                                : loaded 2 times (x 78B)
Class com.google.common.collect.Sets$SetView                                          : loaded 2 times (x 134B)
Class com.google.common.cache.LocalCache$StrongValueReference                         : loaded 2 times (x 86B)
Class com.google.common.util.concurrent.AbstractFuture$SynchronizedHelper             : loaded 2 times (x 74B)
Class org.objectweb.asm.Type                                                          : loaded 2 times (x 68B)
Class org.gradle.internal.classloader.VisitableURLClassLoader$InstrumentingVisitableURLClassLoader: loaded 2 times (x 119B)
Class org.objectweb.asm.ByteVector                                                    : loaded 2 times (x 75B)
Class [Lcom.google.common.cache.CacheBuilder$NullListener;                            : loaded 2 times (x 65B)
Class com.google.common.math.IntMath$1                                                : loaded 2 times (x 67B)
Class org.gradle.internal.classloader.VisitableURLClassLoader$Spec                    : loaded 2 times (x 70B)
Class org.gradle.internal.classpath.DefaultClassPath                                  : loaded 2 times (x 86B)
Class org.objectweb.asm.Symbol                                                        : loaded 2 times (x 69B)
Class com.google.common.base.CharMatcher$Ascii                                        : loaded 2 times (x 108B)
Class com.google.common.base.CharMatcher$BitSetMatcher                                : loaded 2 times (x 108B)
Class com.google.common.collect.RegularImmutableMap$Values                            : loaded 2 times (x 203B)
Class com.google.common.collect.ImmutableSet                                          : loaded 2 times (x 141B)
Class org.gradle.internal.classloader.ClassLoaderSpec                                 : loaded 2 times (x 67B)
Class org.objectweb.asm.AnnotationWriter                                              : loaded 2 times (x 75B)
Class com.google.common.cache.CacheStats                                              : loaded 2 times (x 67B)
Class org.objectweb.asm.RecordComponentWriter                                         : loaded 2 times (x 74B)
Class com.google.common.util.concurrent.AbstractFuture$Listener                       : loaded 2 times (x 68B)
Class com.google.common.base.CharMatcher$Or                                           : loaded 2 times (x 108B)
Class Settings_gradle$1$1                                                             : loaded 2 times (x 70B)
Class org.objectweb.asm.Attribute                                                     : loaded 2 times (x 73B)
Class com.google.common.base.Supplier                                                 : loaded 2 times (x 66B)
Class org.gradle.internal.classloader.VisitableURLClassLoader                         : loaded 2 times (x 113B)
Class com.google.common.util.concurrent.AbstractFuture$Waiter                         : loaded 2 times (x 68B)
Class Settings_gradle                                                                 : loaded 2 times (x 124B)
Class org.gradle.internal.Cast                                                        : loaded 2 times (x 67B)
Class org.gradle.api.Action                                                           : loaded 2 times (x 66B)
Class com.google.common.collect.Sets                                                  : loaded 2 times (x 67B)
Class org.objectweb.asm.Handler                                                       : loaded 2 times (x 68B)
Class com.google.common.base.Ticker                                                   : loaded 2 times (x 68B)
Class com.google.common.base.CharMatcher$FastMatcher                                  : loaded 2 times (x 107B)
Class [Lcom.google.common.cache.LocalCache$Segment;                                   : loaded 2 times (x 65B)
Class [Lcom.google.common.cache.LocalCache$Strength;                                  : loaded 2 times (x 65B)
Class com.google.common.cache.CacheBuilder$1                                          : loaded 2 times (x 81B)
Class com.google.common.base.Predicate                                                : loaded 2 times (x 66B)
Class com.google.common.collect.ImmutableMap                                          : loaded 2 times (x 116B)
Class org.gradle.internal.classpath.DefaultClassPath$ImmutableUniqueList$Builder      : loaded 2 times (x 71B)
Class com.google.common.cache.LocalCache                                              : loaded 2 times (x 183B)
Class com.google.common.cache.CacheBuilder$2                                          : loaded 2 times (x 75B)
Class com.google.common.base.CharMatcher$NegatedFastMatcher                           : loaded 2 times (x 109B)
Class com.google.common.collect.ArrayListMultimap                                     : loaded 2 times (x 168B)
Class com.google.common.cache.CacheBuilder$3                                          : loaded 2 times (x 68B)
Class [Lcom.google.common.collect.AbstractMapEntry;                                   : loaded 2 times (x 65B)
Class com.google.common.collect.ImmutableEntry                                        : loaded 2 times (x 78B)
Class org.gradle.api.GradleException                                                  : loaded 2 times (x 78B)
Class com.google.common.collect.CollectPreconditions                                  : loaded 2 times (x 67B)
Class com.google.common.collect.SortedMapDifference                                   : loaded 2 times (x 66B)
Class com.google.common.cache.LocalCache$EntryFactory                                 : loaded 2 times (x 79B)
Class com.google.common.cache.LocalCache$AbstractReferenceEntry                       : loaded 2 times (x 103B)
Class org.gradle.internal.IoActions                                                   : loaded 2 times (x 67B)
Class org.objectweb.asm.SymbolTable                                                   : loaded 2 times (x 68B)
Class com.google.common.cache.CacheLoader$InvalidCacheLoadException                   : loaded 2 times (x 78B)
Class com.google.common.collect.ImmutableSet$RegularSetBuilderImpl                    : loaded 2 times (x 73B)
Class org.gradle.internal.classloader.SystemClassLoaderSpec                           : loaded 2 times (x 67B)
Class com.google.common.cache.LocalCache$StrongEntry                                  : loaded 2 times (x 104B)
Class com.google.common.util.concurrent.AbstractFuture$TrustedFuture                  : loaded 2 times (x 110B)
Class com.google.common.cache.LoadingCache                                            : loaded 2 times (x 66B)
Class org.objectweb.asm.MethodWriter                                                  : loaded 2 times (x 102B)
Class [Lcom.google.common.cache.Weigher;                                              : loaded 2 times (x 65B)
Class com.google.common.collect.RegularImmutableMap$BucketOverflowException           : loaded 2 times (x 78B)
Class com.google.common.collect.RegularImmutableBiMap                                 : loaded 2 times (x 145B)
Class com.google.common.cache.LocalCache$ValueReference                               : loaded 2 times (x 66B)
Class com.google.common.base.CharMatcher$Negated                                      : loaded 2 times (x 109B)
Class com.google.common.base.CharMatcher$Is                                           : loaded 2 times (x 107B)
Class com.google.common.util.concurrent.AbstractFuture$Failure                        : loaded 2 times (x 68B)
Class com.google.common.base.Equivalence$Equals                                       : loaded 2 times (x 78B)
Class com.google.common.collect.Hashing                                               : loaded 2 times (x 67B)
Class com.google.common.base.Preconditions                                            : loaded 2 times (x 67B)
Class com.google.common.base.Joiner$1                                                 : loaded 2 times (x 76B)
Class org.objectweb.asm.Label                                                         : loaded 2 times (x 69B)
Class org.objectweb.asm.CurrentFrame                                                  : loaded 2 times (x 69B)
Class org.objectweb.asm.ClassTooLargeException                                        : loaded 2 times (x 79B)
Class com.google.common.base.CharMatcher                                              : loaded 2 times (x 107B)
Class com.google.common.collect.PeekingIterator                                       : loaded 2 times (x 66B)
Class com.google.common.base.Joiner$2                                                 : loaded 2 times (x 75B)
Class org.objectweb.asm.Frame                                                         : loaded 2 times (x 69B)
Class org.objectweb.asm.MethodVisitor                                                 : loaded 2 times (x 101B)
Class com.google.common.cache.LocalCache$EntryFactory$1                               : loaded 2 times (x 79B)
Class [Lcom.google.common.cache.RemovalListener;                                      : loaded 2 times (x 65B)
Class com.google.common.base.CharMatcher$NamedFastMatcher                             : loaded 2 times (x 108B)
Class com.google.common.base.CharMatcher$1                                            : loaded 2 times (x 109B)
Class com.google.common.cache.LocalCache$EntryFactory$2                               : loaded 2 times (x 79B)
Class org.gradle.api.internal.classpath.GlobalCacheRootsProvider                      : loaded 2 times (x 66B)
Class org.objectweb.asm.ModuleWriter                                                  : loaded 2 times (x 78B)
Class com.google.common.cache.LocalCache$EntryFactory$3                               : loaded 2 times (x 79B)
Class com.google.common.base.Ticker$1                                                 : loaded 2 times (x 68B)
Class com.google.common.collect.Maps$BiMapConverter                                   : loaded 2 times (x 86B)
Class com.google.common.collect.ImmutableMapEntrySet$RegularEntrySet                  : loaded 2 times (x 148B)
Class com.google.common.cache.LocalCache$EntryFactory$4                               : loaded 2 times (x 79B)
Class com.google.common.base.CharMatcher$InRange                                      : loaded 2 times (x 107B)
Class com.google.common.collect.ImmutableSet$Builder                                  : loaded 2 times (x 81B)
Class com.google.common.cache.LocalCache$EntryFactory$5                               : loaded 2 times (x 79B)
Class com.google.common.cache.LocalCache$EntryFactory$6                               : loaded 2 times (x 79B)
Class Build_gradle                                                                    : loaded 2 times (x 68B)
Class org.gradle.internal.installation.CurrentGradleInstallationLocator               : loaded 2 times (x 67B)
Class com.google.common.cache.LocalCache$EntryFactory$7                               : loaded 2 times (x 79B)
Class com.google.common.collect.ImmutableSet$EmptySetBuilderImpl                      : loaded 2 times (x 72B)
Class com.google.common.collect.ImmutableList                                         : loaded 2 times (x 202B)
Class org.gradle.internal.service.DefaultServiceLocator                               : loaded 2 times (x 79B)
Class com.google.common.cache.LocalCache$EntryFactory$8                               : loaded 2 times (x 79B)
Class com.google.common.collect.ImmutableSet$SetBuilderImpl                           : loaded 2 times (x 72B)
Class org.gradle.internal.installation.CurrentGradleInstallation                      : loaded 2 times (x 69B)
Class com.google.common.cache.CacheLoader$1                                           : loaded 2 times (x 71B)
Class com.google.common.collect.ImmutableList$SubList                                 : loaded 2 times (x 205B)
Class org.gradle.util.internal.GUtil                                                  : loaded 2 times (x 67B)
Class com.google.common.util.concurrent.AbstractFuture$SetFuture                      : loaded 2 times (x 71B)
Class com.google.common.cache.AbstractCache$StatsCounter                              : loaded 2 times (x 66B)
Class com.google.common.collect.Iterators$MergingIterator                             : loaded 2 times (x 77B)
Class com.google.common.collect.RegularImmutableSet                                   : loaded 2 times (x 145B)
Class org.gradle.internal.installation.GradleInstallation                             : loaded 2 times (x 71B)
Class com.google.common.collect.Iterables                                             : loaded 2 times (x 67B)

---------------  S Y S T E M  ---------------

OS:
 Windows 11 , 64 bit Build 26100 (10.0.26100.6725)
OS uptime: 0 days 6:59 hours
Hyper-V role detected

CPU: total 4 (initial active 4) (2 cores per cpu, 2 threads per core) family 6 model 140 stepping 1 microcode 0xb4, cx8, cmov, fxsr, ht, mmx, 3dnowpref, sse, sse2, sse3, ssse3, sse4.1, sse4.2, popcnt, lzcnt, tsc, tscinvbit, avx, avx2, aes, erms, clmul, bmi1, bmi2, adx, avx512f, avx512dq, avx512cd, avx512bw, avx512vl, sha, fma, vzeroupper, avx512_vpopcntdq, avx512_vpclmulqdq, avx512_vaes, avx512_vnni, clflush, clflushopt, clwb, avx512_vbmi2, avx512_vbmi, hv, rdtscp, rdpid, fsrm, gfni, avx512_bitalg, f16c, cet_ibt, cet_ss, avx512_ifma
Processor Information for the first 4 processors :
  Max Mhz: 2901, Current Mhz: 2901, Mhz Limit: 2901

Memory: 4k page, system-wide physical 7834M (709M free)
TotalPageFile size 15063M (AvailPageFile size 0M)
current process WorkingSet (physical memory assigned to process): 386M, peak: 387M
current process commit charge ("private bytes"): 412M, peak: 414M

vm_info: OpenJDK 64-Bit Server VM (21.0.6+-13391695-b895.109) for windows-amd64 JRE (21.0.6+-13391695-b895.109), built on 2025-04-22T21:19:17Z by "builder" with MS VC++ 16.10 / 16.11 (VS2019)

END.
